"","GeoFips","states","Time_gdp","Quarterly_gdp"
"1","00000","United States",2015 Q1,18003399
"2","01000","Alabama",2015 Q1,197620.9
"3","02000","Alaska",2015 Q1,51408.5
"4","04000","Arizona",2015 Q1,293993.6
"5","05000","Arkansas",2015 Q1,116119.5
"6","06000","California",2015 Q1,2509478.7
"7","08000","Colorado",2015 Q1,313637.6
"8","09000","Connecticut",2015 Q1,260068
"9","10000","Delaware",2015 Q1,71409.8
"10","11000","District of Columbia",2015 Q1,123155.7
"11","12000","Florida",2015 Q1,876348.1
"12","13000","Georgia",2015 Q1,505393.2
"13","15000","Hawaii",2015 Q1,81378.8
"14","16000","Idaho",2015 Q1,65882.9
"15","17000","Illinois",2015 Q1,785673.4
"16","18000","Indiana",2015 Q1,326529
"17","19000","Iowa",2015 Q1,176985.1
"18","20000","Kansas",2015 Q1,150375.3
"19","21000","Kentucky",2015 Q1,189660
"20","22000","Louisiana",2015 Q1,234423.2
"21","23000","Maine",2015 Q1,56325.1
"22","24000","Maryland",2015 Q1,365416
"23","25000","Massachusetts",2015 Q1,494016.2
"24","26000","Michigan",2015 Q1,464232
"25","27000","Minnesota",2015 Q1,330675.4
"26","28000","Mississippi",2015 Q1,104439.6
"27","29000","Missouri",2015 Q1,292034.2
"28","30000","Montana",2015 Q1,46061.1
"29","31000","Nebraska",2015 Q1,114443.4
"30","32000","Nevada",2015 Q1,139751.9
"31","33000","New Hampshire",2015 Q1,73893
"32","34000","New Jersey",2015 Q1,563068.3
"33","35000","New Mexico",2015 Q1,91288.1
"34","36000","New York",2015 Q1,1466074.9
"35","37000","North Carolina",2015 Q1,495251.8
"36","38000","North Dakota",2015 Q1,56604.9
"37","39000","Ohio",2015 Q1,603440.1
"38","40000","Oklahoma",2015 Q1,186282
"39","41000","Oregon",2015 Q1,198568.1
"40","42000","Pennsylvania",2015 Q1,706173.5
"41","44000","Rhode Island",2015 Q1,55834.8
"42","45000","South Carolina",2015 Q1,199359.2
"43","46000","South Dakota",2015 Q1,46692.4
"44","47000","Tennessee",2015 Q1,316062.5
"45","48000","Texas",2015 Q1,1567401.6
"46","49000","Utah",2015 Q1,145623.6
"47","50000","Vermont",2015 Q1,30308.1
"48","51000","Virginia",2015 Q1,476071.8
"49","53000","Washington",2015 Q1,461219.8
"50","54000","West Virginia",2015 Q1,70543.8
"51","55000","Wisconsin",2015 Q1,302149.4
"52","56000","Wyoming",2015 Q1,38273
"53","91000","New England",2015 Q1,970445.2
"54","92000","Mideast",2015 Q1,3295298.2
"55","93000","Great Lakes",2015 Q1,2482023.9
"56","94000","Plains",2015 Q1,1167810.8
"57","95000","Southeast",2015 Q1,3781293.5
"58","96000","Southwest",2015 Q1,2138965.3
"59","97000","Rocky Mountain",2015 Q1,609478.2
"60","98000","Far West",2015 Q1,3441805.9
"61","00000","United States",2015 Q2,18223577
"62","01000","Alabama",2015 Q2,200190.9
"63","02000","Alaska",2015 Q2,51420.2
"64","04000","Arizona",2015 Q2,298042.6
"65","05000","Arkansas",2015 Q2,117385.4
"66","06000","California",2015 Q2,2561022
"67","08000","Colorado",2015 Q2,317429.8
"68","09000","Connecticut",2015 Q2,262692
"69","10000","Delaware",2015 Q2,73021.8
"70","11000","District of Columbia",2015 Q2,124795.6
"71","12000","Florida",2015 Q2,892828.1
"72","13000","Georgia",2015 Q2,514250.3
"73","15000","Hawaii",2015 Q2,82229.9
"74","16000","Idaho",2015 Q2,65837
"75","17000","Illinois",2015 Q2,793300.4
"76","18000","Indiana",2015 Q2,330270.8
"77","19000","Iowa",2015 Q2,178681.1
"78","20000","Kansas",2015 Q2,153743.4
"79","21000","Kentucky",2015 Q2,193151.9
"80","22000","Louisiana",2015 Q2,233577.8
"81","23000","Maine",2015 Q2,57363.6
"82","24000","Maryland",2015 Q2,368105.1
"83","25000","Massachusetts",2015 Q2,502894.5
"84","26000","Michigan",2015 Q2,471942.1
"85","27000","Minnesota",2015 Q2,331184.4
"86","28000","Mississippi",2015 Q2,105403.9
"87","29000","Missouri",2015 Q2,294230
"88","30000","Montana",2015 Q2,46648.2
"89","31000","Nebraska",2015 Q2,115901.9
"90","32000","Nevada",2015 Q2,143247
"91","33000","New Hampshire",2015 Q2,75659.1
"92","34000","New Jersey",2015 Q2,568477.9
"93","35000","New Mexico",2015 Q2,91810.7
"94","36000","New York",2015 Q2,1490925.5
"95","37000","North Carolina",2015 Q2,502062.4
"96","38000","North Dakota",2015 Q2,55529.3
"97","39000","Ohio",2015 Q2,609109.9
"98","40000","Oklahoma",2015 Q2,184067.3
"99","41000","Oregon",2015 Q2,200936.2
"100","42000","Pennsylvania",2015 Q2,711160.9
"101","44000","Rhode Island",2015 Q2,56491.3
"102","45000","South Carolina",2015 Q2,202174.8
"103","46000","South Dakota",2015 Q2,47115
"104","47000","Tennessee",2015 Q2,322938.4
"105","48000","Texas",2015 Q2,1563001.9
"106","49000","Utah",2015 Q2,148330.2
"107","50000","Vermont",2015 Q2,30576.9
"108","51000","Virginia",2015 Q2,483744.6
"109","53000","Washington",2015 Q2,470199.1
"110","54000","West Virginia",2015 Q2,71512.9
"111","55000","Wisconsin",2015 Q2,305941.7
"112","56000","Wyoming",2015 Q2,38152.9
"113","91000","New England",2015 Q2,985677.3
"114","92000","Mideast",2015 Q2,3336486.7
"115","93000","Great Lakes",2015 Q2,2510564.9
"116","94000","Plains",2015 Q2,1176385
"117","95000","Southeast",2015 Q2,3839221.3
"118","96000","Southwest",2015 Q2,2136922.5
"119","97000","Rocky Mountain",2015 Q2,616398.1
"120","98000","Far West",2015 Q2,3509054.4
"121","00000","United States",2015 Q3,18347425
"122","01000","Alabama",2015 Q3,201704
"123","02000","Alaska",2015 Q3,50413.2
"124","04000","Arizona",2015 Q3,299084.9
"125","05000","Arkansas",2015 Q3,118743.6
"126","06000","California",2015 Q3,2579679.4
"127","08000","Colorado",2015 Q3,319625.3
"128","09000","Connecticut",2015 Q3,262875.5
"129","10000","Delaware",2015 Q3,71096
"130","11000","District of Columbia",2015 Q3,125345.2
"131","12000","Florida",2015 Q3,905127.1
"132","13000","Georgia",2015 Q3,519703.4
"133","15000","Hawaii",2015 Q3,83050.4
"134","16000","Idaho",2015 Q3,66389.1
"135","17000","Illinois",2015 Q3,802008.7
"136","18000","Indiana",2015 Q3,330323
"137","19000","Iowa",2015 Q3,180903.1
"138","20000","Kansas",2015 Q3,155454.2
"139","21000","Kentucky",2015 Q3,193965.1
"140","22000","Louisiana",2015 Q3,231800.1
"141","23000","Maine",2015 Q3,57904.8
"142","24000","Maryland",2015 Q3,372846.3
"143","25000","Massachusetts",2015 Q3,504730.8
"144","26000","Michigan",2015 Q3,477047.8
"145","27000","Minnesota",2015 Q3,334007.5
"146","28000","Mississippi",2015 Q3,106072.6
"147","29000","Missouri",2015 Q3,295812.5
"148","30000","Montana",2015 Q3,46689.4
"149","31000","Nebraska",2015 Q3,116458.6
"150","32000","Nevada",2015 Q3,144812.6
"151","33000","New Hampshire",2015 Q3,75969.5
"152","34000","New Jersey",2015 Q3,572532.3
"153","35000","New Mexico",2015 Q3,91490.1
"154","36000","New York",2015 Q3,1500666.7
"155","37000","North Carolina",2015 Q3,506448
"156","38000","North Dakota",2015 Q3,54542.6
"157","39000","Ohio",2015 Q3,609917.9
"158","40000","Oklahoma",2015 Q3,184356.2
"159","41000","Oregon",2015 Q3,205179.3
"160","42000","Pennsylvania",2015 Q3,713463.6
"161","44000","Rhode Island",2015 Q3,56613.1
"162","45000","South Carolina",2015 Q3,206448.9
"163","46000","South Dakota",2015 Q3,47727.2
"164","47000","Tennessee",2015 Q3,327118.2
"165","48000","Texas",2015 Q3,1567179.7
"166","49000","Utah",2015 Q3,149943.9
"167","50000","Vermont",2015 Q3,30863.4
"168","51000","Virginia",2015 Q3,488818.5
"169","53000","Washington",2015 Q3,477764.4
"170","54000","West Virginia",2015 Q3,70968.5
"171","55000","Wisconsin",2015 Q3,308276.2
"172","56000","Wyoming",2015 Q3,38061.3
"173","91000","New England",2015 Q3,988957.1
"174","92000","Mideast",2015 Q3,3355950.1
"175","93000","Great Lakes",2015 Q3,2527573.6
"176","94000","Plains",2015 Q3,1184905.7
"177","95000","Southeast",2015 Q3,3876918.1
"178","96000","Southwest",2015 Q3,2142110.9
"179","97000","Rocky Mountain",2015 Q3,620709
"180","98000","Far West",2015 Q3,3540899.3
"181","00000","United States",2015 Q4,18378803
"182","01000","Alabama",2015 Q4,201274.1
"183","02000","Alaska",2015 Q4,49670.5
"184","04000","Arizona",2015 Q4,303338.7
"185","05000","Arkansas",2015 Q4,118688.7
"186","06000","California",2015 Q4,2588392.9
"187","08000","Colorado",2015 Q4,321276.9
"188","09000","Connecticut",2015 Q4,263855.2
"189","10000","Delaware",2015 Q4,70663.8
"190","11000","District of Columbia",2015 Q4,126118.1
"191","12000","Florida",2015 Q4,916715.5
"192","13000","Georgia",2015 Q4,523665.2
"193","15000","Hawaii",2015 Q4,83916.9
"194","16000","Idaho",2015 Q4,66218.8
"195","17000","Illinois",2015 Q4,800322
"196","18000","Indiana",2015 Q4,330988
"197","19000","Iowa",2015 Q4,181267.5
"198","20000","Kansas",2015 Q4,156489.6
"199","21000","Kentucky",2015 Q4,194500.3
"200","22000","Louisiana",2015 Q4,227206.3
"201","23000","Maine",2015 Q4,58645.8
"202","24000","Maryland",2015 Q4,376705.7
"203","25000","Massachusetts",2015 Q4,511072.3
"204","26000","Michigan",2015 Q4,479375.8
"205","27000","Minnesota",2015 Q4,336395.9
"206","28000","Mississippi",2015 Q4,105795.4
"207","29000","Missouri",2015 Q4,293676.7
"208","30000","Montana",2015 Q4,45678.6
"209","31000","Nebraska",2015 Q4,115851.8
"210","32000","Nevada",2015 Q4,146404.5
"211","33000","New Hampshire",2015 Q4,77806.4
"212","34000","New Jersey",2015 Q4,572387.6
"213","35000","New Mexico",2015 Q4,90699
"214","36000","New York",2015 Q4,1484816.2
"215","37000","North Carolina",2015 Q4,507471.3
"216","38000","North Dakota",2015 Q4,53599.5
"217","39000","Ohio",2015 Q4,614818.7
"218","40000","Oklahoma",2015 Q4,181856.2
"219","41000","Oregon",2015 Q4,206190.7
"220","42000","Pennsylvania",2015 Q4,716350.9
"221","44000","Rhode Island",2015 Q4,57303.6
"222","45000","South Carolina",2015 Q4,208018.8
"223","46000","South Dakota",2015 Q4,48987.4
"224","47000","Tennessee",2015 Q4,328514.8
"225","48000","Texas",2015 Q4,1559914.1
"226","49000","Utah",2015 Q4,151773.2
"227","50000","Vermont",2015 Q4,30906.6
"228","51000","Virginia",2015 Q4,489488.2
"229","53000","Washington",2015 Q4,477627.8
"230","54000","West Virginia",2015 Q4,70238.3
"231","55000","Wisconsin",2015 Q4,309628.2
"232","56000","Wyoming",2015 Q4,36955.8
"233","91000","New England",2015 Q4,999590
"234","92000","Mideast",2015 Q4,3347042.3
"235","93000","Great Lakes",2015 Q4,2535132.7
"236","94000","Plains",2015 Q4,1186268.3
"237","95000","Southeast",2015 Q4,3891576.8
"238","96000","Southwest",2015 Q4,2135808
"239","97000","Rocky Mountain",2015 Q4,621903.4
"240","98000","Far West",2015 Q4,3552203.2
"241","00000","United States",2016 Q1,18470156
"242","01000","Alabama",2016 Q1,201819.8
"243","02000","Alaska",2016 Q1,49040.8
"244","04000","Arizona",2016 Q1,305213.3
"245","05000","Arkansas",2016 Q1,118096.1
"246","06000","California",2016 Q1,2629923.1
"247","08000","Colorado",2016 Q1,318990.4
"248","09000","Connecticut",2016 Q1,265361.8
"249","10000","Delaware",2016 Q1,68717.5
"250","11000","District of Columbia",2016 Q1,128235.7
"251","12000","Florida",2016 Q1,919763.4
"252","13000","Georgia",2016 Q1,533374
"253","15000","Hawaii",2016 Q1,84712.1
"254","16000","Idaho",2016 Q1,67596.2
"255","17000","Illinois",2016 Q1,797723.3
"256","18000","Indiana",2016 Q1,330953.7
"257","19000","Iowa",2016 Q1,178853.4
"258","20000","Kansas",2016 Q1,155850.8
"259","21000","Kentucky",2016 Q1,192343.2
"260","22000","Louisiana",2016 Q1,222037.9
"261","23000","Maine",2016 Q1,58755.6
"262","24000","Maryland",2016 Q1,380781.8
"263","25000","Massachusetts",2016 Q1,510237.3
"264","26000","Michigan",2016 Q1,480237
"265","27000","Minnesota",2016 Q1,335237.9
"266","28000","Mississippi",2016 Q1,106324.4
"267","29000","Missouri",2016 Q1,295818.9
"268","30000","Montana",2016 Q1,45346.9
"269","31000","Nebraska",2016 Q1,114780.7
"270","32000","Nevada",2016 Q1,146595.5
"271","33000","New Hampshire",2016 Q1,77371.8
"272","34000","New Jersey",2016 Q1,578736.1
"273","35000","New Mexico",2016 Q1,89730.8
"274","36000","New York",2016 Q1,1530706
"275","37000","North Carolina",2016 Q1,513542.7
"276","38000","North Dakota",2016 Q1,50880.3
"277","39000","Ohio",2016 Q1,611250.3
"278","40000","Oklahoma",2016 Q1,176083.1
"279","41000","Oregon",2016 Q1,211499.5
"280","42000","Pennsylvania",2016 Q1,717591.6
"281","44000","Rhode Island",2016 Q1,56686.2
"282","45000","South Carolina",2016 Q1,209582.4
"283","46000","South Dakota",2016 Q1,47305.5
"284","47000","Tennessee",2016 Q1,329874.9
"285","48000","Texas",2016 Q1,1538263.7
"286","49000","Utah",2016 Q1,153445.3
"287","50000","Vermont",2016 Q1,31097.3
"288","51000","Virginia",2016 Q1,488164.6
"289","53000","Washington",2016 Q1,487971.3
"290","54000","West Virginia",2016 Q1,69351.1
"291","55000","Wisconsin",2016 Q1,310020.5
"292","56000","Wyoming",2016 Q1,35945.3
"293","91000","New England",2016 Q1,999510
"294","92000","Mideast",2016 Q1,3404768.7
"295","93000","Great Lakes",2016 Q1,2530184.8
"296","94000","Plains",2016 Q1,1178727.6
"297","95000","Southeast",2016 Q1,3904274.5
"298","96000","Southwest",2016 Q1,2109290.9
"299","97000","Rocky Mountain",2016 Q1,621324.2
"300","98000","Far West",2016 Q1,3609742.3
"301","00000","United States",2016 Q2,18656207
"302","01000","Alabama",2016 Q2,204301.2
"303","02000","Alaska",2016 Q2,49678.6
"304","04000","Arizona",2016 Q2,311371
"305","05000","Arkansas",2016 Q2,119121.6
"306","06000","California",2016 Q2,2646649.3
"307","08000","Colorado",2016 Q2,324297
"308","09000","Connecticut",2016 Q2,266487.8
"309","10000","Delaware",2016 Q2,69411.3
"310","11000","District of Columbia",2016 Q2,129004.6
"311","12000","Florida",2016 Q2,935485
"312","13000","Georgia",2016 Q2,538190.6
"313","15000","Hawaii",2016 Q2,85507.7
"314","16000","Idaho",2016 Q2,68770.5
"315","17000","Illinois",2016 Q2,802317.7
"316","18000","Indiana",2016 Q2,335556.9
"317","19000","Iowa",2016 Q2,178814.6
"318","20000","Kansas",2016 Q2,158785
"319","21000","Kentucky",2016 Q2,195345.1
"320","22000","Louisiana",2016 Q2,222953.5
"321","23000","Maine",2016 Q2,59836.2
"322","24000","Maryland",2016 Q2,385535.7
"323","25000","Massachusetts",2016 Q2,516584.3
"324","26000","Michigan",2016 Q2,489301.1
"325","27000","Minnesota",2016 Q2,338661.8
"326","28000","Mississippi",2016 Q2,106289.6
"327","29000","Missouri",2016 Q2,296803.4
"328","30000","Montana",2016 Q2,45186.4
"329","31000","Nebraska",2016 Q2,115866.7
"330","32000","Nevada",2016 Q2,148310.2
"331","33000","New Hampshire",2016 Q2,78399
"332","34000","New Jersey",2016 Q2,579217.4
"333","35000","New Mexico",2016 Q2,91058.4
"334","36000","New York",2016 Q2,1546419.2
"335","37000","North Carolina",2016 Q2,516445.9
"336","38000","North Dakota",2016 Q2,50457.7
"337","39000","Ohio",2016 Q2,619778.9
"338","40000","Oklahoma",2016 Q2,177924
"339","41000","Oregon",2016 Q2,213692.9
"340","42000","Pennsylvania",2016 Q2,723679
"341","44000","Rhode Island",2016 Q2,57271.8
"342","45000","South Carolina",2016 Q2,212564.8
"343","46000","South Dakota",2016 Q2,48312.5
"344","47000","Tennessee",2016 Q2,332118
"345","48000","Texas",2016 Q2,1560051.9
"346","49000","Utah",2016 Q2,155781.2
"347","50000","Vermont",2016 Q2,31294.2
"348","51000","Virginia",2016 Q2,493999.4
"349","53000","Washington",2016 Q2,488523.5
"350","54000","West Virginia",2016 Q2,69858.1
"351","55000","Wisconsin",2016 Q2,312655.1
"352","56000","Wyoming",2016 Q2,35681.6
"353","91000","New England",2016 Q2,1009873.3
"354","92000","Mideast",2016 Q2,3433267.2
"355","93000","Great Lakes",2016 Q2,2559609.7
"356","94000","Plains",2016 Q2,1187701.7
"357","95000","Southeast",2016 Q2,3946672.7
"358","96000","Southwest",2016 Q2,2140405.2
"359","97000","Rocky Mountain",2016 Q2,629716.6
"360","98000","Far West",2016 Q2,3632362.2
"361","00000","United States",2016 Q3,18821359
"362","01000","Alabama",2016 Q3,204782.5
"363","02000","Alaska",2016 Q3,49823.1
"364","04000","Arizona",2016 Q3,316396.5
"365","05000","Arkansas",2016 Q3,119008.5
"366","06000","California",2016 Q3,2688163.1
"367","08000","Colorado",2016 Q3,330718.6
"368","09000","Connecticut",2016 Q3,266548.6
"369","10000","Delaware",2016 Q3,69337.8
"370","11000","District of Columbia",2016 Q3,129439.2
"371","12000","Florida",2016 Q3,950093.7
"372","13000","Georgia",2016 Q3,542986.7
"373","15000","Hawaii",2016 Q3,86120.9
"374","16000","Idaho",2016 Q3,69785.9
"375","17000","Illinois",2016 Q3,801982.3
"376","18000","Indiana",2016 Q3,339032.8
"377","19000","Iowa",2016 Q3,180973.6
"378","20000","Kansas",2016 Q3,160367
"379","21000","Kentucky",2016 Q3,197379.5
"380","22000","Louisiana",2016 Q3,222768.8
"381","23000","Maine",2016 Q3,59843.9
"382","24000","Maryland",2016 Q3,389529.7
"383","25000","Massachusetts",2016 Q3,523872.5
"384","26000","Michigan",2016 Q3,489924.3
"385","27000","Minnesota",2016 Q3,344990
"386","28000","Mississippi",2016 Q3,106205.8
"387","29000","Missouri",2016 Q3,297307.9
"388","30000","Montana",2016 Q3,45562.2
"389","31000","Nebraska",2016 Q3,117287.7
"390","32000","Nevada",2016 Q3,153274.2
"391","33000","New Hampshire",2016 Q3,79092.7
"392","34000","New Jersey",2016 Q3,582250.8
"393","35000","New Mexico",2016 Q3,91370.2
"394","36000","New York",2016 Q3,1544558.6
"395","37000","North Carolina",2016 Q3,521293
"396","38000","North Dakota",2016 Q3,50851.6
"397","39000","Ohio",2016 Q3,624490.1
"398","40000","Oklahoma",2016 Q3,178005.1
"399","41000","Oregon",2016 Q3,214744.9
"400","42000","Pennsylvania",2016 Q3,731571
"401","44000","Rhode Island",2016 Q3,58041.7
"402","45000","South Carolina",2016 Q3,214423.7
"403","46000","South Dakota",2016 Q3,49521.8
"404","47000","Tennessee",2016 Q3,335243
"405","48000","Texas",2016 Q3,1574912.8
"406","49000","Utah",2016 Q3,158746.3
"407","50000","Vermont",2016 Q3,31594.6
"408","51000","Virginia",2016 Q3,498051.3
"409","53000","Washington",2016 Q3,493343.4
"410","54000","West Virginia",2016 Q3,70168.1
"411","55000","Wisconsin",2016 Q3,315534
"412","56000","Wyoming",2016 Q3,35507
"413","91000","New England",2016 Q3,1018994
"414","92000","Mideast",2016 Q3,3446687.1
"415","93000","Great Lakes",2016 Q3,2570963.5
"416","94000","Plains",2016 Q3,1201299.6
"417","95000","Southeast",2016 Q3,3982404.6
"418","96000","Southwest",2016 Q3,2160684.5
"419","97000","Rocky Mountain",2016 Q3,640320.1
"420","98000","Far West",2016 Q3,3685469.6
"421","00000","United States",2016 Q4,19032580
"422","01000","Alabama",2016 Q4,206915.3
"423","02000","Alaska",2016 Q4,50479.7
"424","04000","Arizona",2016 Q4,319245.2
"425","05000","Arkansas",2016 Q4,120541
"426","06000","California",2016 Q4,2719666.7
"427","08000","Colorado",2016 Q4,337023.3
"428","09000","Connecticut",2016 Q4,268591
"429","10000","Delaware",2016 Q4,69670
"430","11000","District of Columbia",2016 Q4,131228.8
"431","12000","Florida",2016 Q4,960902.7
"432","13000","Georgia",2016 Q4,550617.4
"433","15000","Hawaii",2016 Q4,87258.7
"434","16000","Idaho",2016 Q4,70149.4
"435","17000","Illinois",2016 Q4,813751.4
"436","18000","Indiana",2016 Q4,343325.2
"437","19000","Iowa",2016 Q4,181117.4
"438","20000","Kansas",2016 Q4,161928.3
"439","21000","Kentucky",2016 Q4,198292.9
"440","22000","Louisiana",2016 Q4,225878
"441","23000","Maine",2016 Q4,60581.2
"442","24000","Maryland",2016 Q4,394633.6
"443","25000","Massachusetts",2016 Q4,525880.1
"444","26000","Michigan",2016 Q4,496388
"445","27000","Minnesota",2016 Q4,347895.7
"446","28000","Mississippi",2016 Q4,107151.7
"447","29000","Missouri",2016 Q4,301080.3
"448","30000","Montana",2016 Q4,46625.8
"449","31000","Nebraska",2016 Q4,119581.8
"450","32000","Nevada",2016 Q4,152969
"451","33000","New Hampshire",2016 Q4,79172.4
"452","34000","New Jersey",2016 Q4,585813.2
"453","35000","New Mexico",2016 Q4,92801.5
"454","36000","New York",2016 Q4,1562267.1
"455","37000","North Carolina",2016 Q4,530144.7
"456","38000","North Dakota",2016 Q4,50979.4
"457","39000","Ohio",2016 Q4,630650.9
"458","40000","Oklahoma",2016 Q4,179239.8
"459","41000","Oregon",2016 Q4,218532.9
"460","42000","Pennsylvania",2016 Q4,734696.5
"461","44000","Rhode Island",2016 Q4,58118.1
"462","45000","South Carolina",2016 Q4,217767.5
"463","46000","South Dakota",2016 Q4,49785.3
"464","47000","Tennessee",2016 Q4,340507
"465","48000","Texas",2016 Q4,1597519.8
"466","49000","Utah",2016 Q4,161798
"467","50000","Vermont",2016 Q4,31735.3
"468","51000","Virginia",2016 Q4,506065.5
"469","53000","Washington",2016 Q4,504699.9
"470","54000","West Virginia",2016 Q4,70647.6
"471","55000","Wisconsin",2016 Q4,315551.2
"472","56000","Wyoming",2016 Q4,35682.2
"473","91000","New England",2016 Q4,1024078.1
"474","92000","Mideast",2016 Q4,3478309.2
"475","93000","Great Lakes",2016 Q4,2599666.7
"476","94000","Plains",2016 Q4,1212368.2
"477","95000","Southeast",2016 Q4,4035431.2
"478","96000","Southwest",2016 Q4,2188806.4
"479","97000","Rocky Mountain",2016 Q4,651278.7
"480","98000","Far West",2016 Q4,3733606.8
"481","00000","United States",2017 Q1,19237435
"482","01000","Alabama",2017 Q1,208788.9
"483","02000","Alaska",2017 Q1,51335.8
"484","04000","Arizona",2017 Q1,324419.9
"485","05000","Arkansas",2017 Q1,121967.2
"486","06000","California",2017 Q1,2766033
"487","08000","Colorado",2017 Q1,340381.2
"488","09000","Connecticut",2017 Q1,268779.2
"489","10000","Delaware",2017 Q1,69724.7
"490","11000","District of Columbia",2017 Q1,130398.6
"491","12000","Florida",2017 Q1,973463.4
"492","13000","Georgia",2017 Q1,559569.3
"493","15000","Hawaii",2017 Q1,88647.3
"494","16000","Idaho",2017 Q1,71287.7
"495","17000","Illinois",2017 Q1,812937.2
"496","18000","Indiana",2017 Q1,345953.4
"497","19000","Iowa",2017 Q1,181999.9
"498","20000","Kansas",2017 Q1,162828.9
"499","21000","Kentucky",2017 Q1,198692.6
"500","22000","Louisiana",2017 Q1,231264.6
"501","23000","Maine",2017 Q1,61020.3
"502","24000","Maryland",2017 Q1,394865.6
"503","25000","Massachusetts",2017 Q1,529268.8
"504","26000","Michigan",2017 Q1,497305.8
"505","27000","Minnesota",2017 Q1,352479
"506","28000","Mississippi",2017 Q1,108931
"507","29000","Missouri",2017 Q1,300747
"508","30000","Montana",2017 Q1,47227.2
"509","31000","Nebraska",2017 Q1,119240.9
"510","32000","Nevada",2017 Q1,156116.5
"511","33000","New Hampshire",2017 Q1,79505.6
"512","34000","New Jersey",2017 Q1,580840.8
"513","35000","New Mexico",2017 Q1,93475.1
"514","36000","New York",2017 Q1,1591432.8
"515","37000","North Carolina",2017 Q1,534530.3
"516","38000","North Dakota",2017 Q1,52092.8
"517","39000","Ohio",2017 Q1,634358.3
"518","40000","Oklahoma",2017 Q1,182490.8
"519","41000","Oregon",2017 Q1,221577.7
"520","42000","Pennsylvania",2017 Q1,735552
"521","44000","Rhode Island",2017 Q1,57041.8
"522","45000","South Carolina",2017 Q1,220772.8
"523","46000","South Dakota",2017 Q1,50774
"524","47000","Tennessee",2017 Q1,342267.4
"525","48000","Texas",2017 Q1,1628455.6
"526","49000","Utah",2017 Q1,162686.2
"527","50000","Vermont",2017 Q1,31753.3
"528","51000","Virginia",2017 Q1,505925.4
"529","53000","Washington",2017 Q1,514179.5
"530","54000","West Virginia",2017 Q1,72765.1
"531","55000","Wisconsin",2017 Q1,317076.9
"532","56000","Wyoming",2017 Q1,36627
"533","91000","New England",2017 Q1,1027368.9
"534","92000","Mideast",2017 Q1,3502814.5
"535","93000","Great Lakes",2017 Q1,2607631.6
"536","94000","Plains",2017 Q1,1220162.6
"537","95000","Southeast",2017 Q1,4078938
"538","96000","Southwest",2017 Q1,2228841.4
"539","97000","Rocky Mountain",2017 Q1,658209.3
"540","98000","Far West",2017 Q1,3797889.8
"541","00000","United States",2017 Q2,19379232
"542","01000","Alabama",2017 Q2,209318.9
"543","02000","Alaska",2017 Q2,51284.3
"544","04000","Arizona",2017 Q2,326751.9
"545","05000","Arkansas",2017 Q2,122411.9
"546","06000","California",2017 Q2,2805689.6
"547","08000","Colorado",2017 Q2,343858
"548","09000","Connecticut",2017 Q2,272651.9
"549","10000","Delaware",2017 Q2,68607.1
"550","11000","District of Columbia",2017 Q2,131675
"551","12000","Florida",2017 Q2,981990.2
"552","13000","Georgia",2017 Q2,562017.4
"553","15000","Hawaii",2017 Q2,89190
"554","16000","Idaho",2017 Q2,72906.4
"555","17000","Illinois",2017 Q2,818245.6
"556","18000","Indiana",2017 Q2,347807.8
"557","19000","Iowa",2017 Q2,181865.9
"558","20000","Kansas",2017 Q2,163125.4
"559","21000","Kentucky",2017 Q2,198680.6
"560","22000","Louisiana",2017 Q2,233394.8
"561","23000","Maine",2017 Q2,61157.7
"562","24000","Maryland",2017 Q2,397163.8
"563","25000","Massachusetts",2017 Q2,535680.1
"564","26000","Michigan",2017 Q2,499695.3
"565","27000","Minnesota",2017 Q2,351890.9
"566","28000","Mississippi",2017 Q2,108580.8
"567","29000","Missouri",2017 Q2,304106.4
"568","30000","Montana",2017 Q2,48047.6
"569","31000","Nebraska",2017 Q2,120913
"570","32000","Nevada",2017 Q2,157310.6
"571","33000","New Hampshire",2017 Q2,79882.8
"572","34000","New Jersey",2017 Q2,587197.6
"573","35000","New Mexico",2017 Q2,93831.2
"574","36000","New York",2017 Q2,1587931.5
"575","37000","North Carolina",2017 Q2,536556.7
"576","38000","North Dakota",2017 Q2,52847.1
"577","39000","Ohio",2017 Q2,638461.8
"578","40000","Oklahoma",2017 Q2,184815.7
"579","41000","Oregon",2017 Q2,225390.6
"580","42000","Pennsylvania",2017 Q2,738575.8
"581","44000","Rhode Island",2017 Q2,57691
"582","45000","South Carolina",2017 Q2,222100.9
"583","46000","South Dakota",2017 Q2,50553.8
"584","47000","Tennessee",2017 Q2,343288.7
"585","48000","Texas",2017 Q2,1647204.3
"586","49000","Utah",2017 Q2,165349
"587","50000","Vermont",2017 Q2,31815.1
"588","51000","Virginia",2017 Q2,509362
"589","53000","Washington",2017 Q2,520848.6
"590","54000","West Virginia",2017 Q2,72188.5
"591","55000","Wisconsin",2017 Q2,317485.5
"592","56000","Wyoming",2017 Q2,37312.3
"593","91000","New England",2017 Q2,1038878.5
"594","92000","Mideast",2017 Q2,3511150.7
"595","93000","Great Lakes",2017 Q2,2621696
"596","94000","Plains",2017 Q2,1225302.6
"597","95000","Southeast",2017 Q2,4099891.4
"598","96000","Southwest",2017 Q2,2252603.1
"599","97000","Rocky Mountain",2017 Q2,667473.2
"600","98000","Far West",2017 Q2,3849713.7
"601","00000","United States",2017 Q3,19617288
"602","01000","Alabama",2017 Q3,210957.6
"603","02000","Alaska",2017 Q3,51831.4
"604","04000","Arizona",2017 Q3,332866
"605","05000","Arkansas",2017 Q3,122755.4
"606","06000","California",2017 Q3,2850168.9
"607","08000","Colorado",2017 Q3,350706.6
"608","09000","Connecticut",2017 Q3,274028.4
"609","10000","Delaware",2017 Q3,70163.9
"610","11000","District of Columbia",2017 Q3,134664.6
"611","12000","Florida",2017 Q3,993284.5
"612","13000","Georgia",2017 Q3,569747.3
"613","15000","Hawaii",2017 Q3,89941.5
"614","16000","Idaho",2017 Q3,73814.5
"615","17000","Illinois",2017 Q3,828030.4
"616","18000","Indiana",2017 Q3,350926.3
"617","19000","Iowa",2017 Q3,181180.3
"618","20000","Kansas",2017 Q3,164018.5
"619","21000","Kentucky",2017 Q3,200545.3
"620","22000","Louisiana",2017 Q3,236808.2
"621","23000","Maine",2017 Q3,61933.7
"622","24000","Maryland",2017 Q3,400846.8
"623","25000","Massachusetts",2017 Q3,544012.4
"624","26000","Michigan",2017 Q3,501958.2
"625","27000","Minnesota",2017 Q3,351763
"626","28000","Mississippi",2017 Q3,109489
"627","29000","Missouri",2017 Q3,306465.5
"628","30000","Montana",2017 Q3,48086.5
"629","31000","Nebraska",2017 Q3,121249.2
"630","32000","Nevada",2017 Q3,160118.7
"631","33000","New Hampshire",2017 Q3,81823.7
"632","34000","New Jersey",2017 Q3,594660.7
"633","35000","New Mexico",2017 Q3,94587.7
"634","36000","New York",2017 Q3,1607486.4
"635","37000","North Carolina",2017 Q3,541827.7
"636","38000","North Dakota",2017 Q3,52373.8
"637","39000","Ohio",2017 Q3,644944.3
"638","40000","Oklahoma",2017 Q3,185443.6
"639","41000","Oregon",2017 Q3,228419.5
"640","42000","Pennsylvania",2017 Q3,749711.9
"641","44000","Rhode Island",2017 Q3,58753.8
"642","45000","South Carolina",2017 Q3,223991.3
"643","46000","South Dakota",2017 Q3,50138.5
"644","47000","Tennessee",2017 Q3,346433.6
"645","48000","Texas",2017 Q3,1672118.4
"646","49000","Utah",2017 Q3,169269.7
"647","50000","Vermont",2017 Q3,32146.9
"648","51000","Virginia",2017 Q3,513285.9
"649","53000","Washington",2017 Q3,532482
"650","54000","West Virginia",2017 Q3,72673.8
"651","55000","Wisconsin",2017 Q3,322750
"652","56000","Wyoming",2017 Q3,37123.7
"653","91000","New England",2017 Q3,1052698.9
"654","92000","Mideast",2017 Q3,3557534.2
"655","93000","Great Lakes",2017 Q3,2648609.2
"656","94000","Plains",2017 Q3,1227188.9
"657","95000","Southeast",2017 Q3,4141799.6
"658","96000","Southwest",2017 Q3,2285015.7
"659","97000","Rocky Mountain",2017 Q3,679001
"660","98000","Far West",2017 Q3,3912962
"661","00000","United States",2017 Q4,19937963
"662","01000","Alabama",2017 Q4,214517.5
"663","02000","Alaska",2017 Q4,52496.4
"664","04000","Arizona",2017 Q4,336548.6
"665","05000","Arkansas",2017 Q4,124779.4
"666","06000","California",2017 Q4,2902262.3
"667","08000","Colorado",2017 Q4,357756.4
"668","09000","Connecticut",2017 Q4,274820.3
"669","10000","Delaware",2017 Q4,71102.1
"670","11000","District of Columbia",2017 Q4,134676.1
"671","12000","Florida",2017 Q4,1011648.1
"672","13000","Georgia",2017 Q4,582261.6
"673","15000","Hawaii",2017 Q4,90695.6
"674","16000","Idaho",2017 Q4,75137.4
"675","17000","Illinois",2017 Q4,835891.7
"676","18000","Indiana",2017 Q4,357057.8
"677","19000","Iowa",2017 Q4,183559.2
"678","20000","Kansas",2017 Q4,165900.5
"679","21000","Kentucky",2017 Q4,203463.5
"680","22000","Louisiana",2017 Q4,241381.1
"681","23000","Maine",2017 Q4,62574.3
"682","24000","Maryland",2017 Q4,406074.3
"683","25000","Massachusetts",2017 Q4,550932.2
"684","26000","Michigan",2017 Q4,508700.5
"685","27000","Minnesota",2017 Q4,357532.6
"686","28000","Mississippi",2017 Q4,110723.7
"687","29000","Missouri",2017 Q4,310566.7
"688","30000","Montana",2017 Q4,48426.1
"689","31000","Nebraska",2017 Q4,122395.8
"690","32000","Nevada",2017 Q4,160465.4
"691","33000","New Hampshire",2017 Q4,82141.6
"692","34000","New Jersey",2017 Q4,600087.4
"693","35000","New Mexico",2017 Q4,95932.7
"694","36000","New York",2017 Q4,1648710.1
"695","37000","North Carolina",2017 Q4,551248.2
"696","38000","North Dakota",2017 Q4,53114.7
"697","39000","Ohio",2017 Q4,651641.3
"698","40000","Oklahoma",2017 Q4,189192.4
"699","41000","Oregon",2017 Q4,232781.1
"700","42000","Pennsylvania",2017 Q4,756723.5
"701","44000","Rhode Island",2017 Q4,58982.3
"702","45000","South Carolina",2017 Q4,226791
"703","46000","South Dakota",2017 Q4,49905.4
"704","47000","Tennessee",2017 Q4,353142.1
"705","48000","Texas",2017 Q4,1713933.8
"706","49000","Utah",2017 Q4,173148.6
"707","50000","Vermont",2017 Q4,32447.6
"708","51000","Virginia",2017 Q4,518932.1
"709","53000","Washington",2017 Q4,543319.8
"710","54000","West Virginia",2017 Q4,73784.9
"711","55000","Wisconsin",2017 Q4,325127.4
"712","56000","Wyoming",2017 Q4,38021.8
"713","91000","New England",2017 Q4,1061898.3
"714","92000","Mideast",2017 Q4,3617373.4
"715","93000","Great Lakes",2017 Q4,2678418.7
"716","94000","Plains",2017 Q4,1242974.9
"717","95000","Southeast",2017 Q4,4212673.4
"718","96000","Southwest",2017 Q4,2335607.5
"719","97000","Rocky Mountain",2017 Q4,692490.3
"720","98000","Far West",2017 Q4,3982020.6
"721","00000","United States",2018 Q1,20242215
"722","01000","Alabama",2018 Q1,217867.9
"723","02000","Alaska",2018 Q1,53536.9
"724","04000","Arizona",2018 Q1,344512.8
"725","05000","Arkansas",2018 Q1,125956.3
"726","06000","California",2018 Q1,2918947.6
"727","08000","Colorado",2018 Q1,365422.4
"728","09000","Connecticut",2018 Q1,277730.1
"729","10000","Delaware",2018 Q1,72283.6
"730","11000","District of Columbia",2018 Q1,136463.6
"731","12000","Florida",2018 Q1,1031705
"732","13000","Georgia",2018 Q1,589467
"733","15000","Hawaii",2018 Q1,91895.3
"734","16000","Idaho",2018 Q1,77623.3
"735","17000","Illinois",2018 Q1,852114.6
"736","18000","Indiana",2018 Q1,364135.4
"737","19000","Iowa",2018 Q1,187742.5
"738","20000","Kansas",2018 Q1,169045.5
"739","21000","Kentucky",2018 Q1,204836.2
"740","22000","Louisiana",2018 Q1,248984.6
"741","23000","Maine",2018 Q1,63598.6
"742","24000","Maryland",2018 Q1,407009.1
"743","25000","Massachusetts",2018 Q1,560332.5
"744","26000","Michigan",2018 Q1,516287.9
"745","27000","Minnesota",2018 Q1,365203
"746","28000","Mississippi",2018 Q1,111861.5
"747","29000","Missouri",2018 Q1,312700.4
"748","30000","Montana",2018 Q1,49821.3
"749","31000","Nebraska",2018 Q1,123874.5
"750","32000","Nevada",2018 Q1,165749.2
"751","33000","New Hampshire",2018 Q1,83555.8
"752","34000","New Jersey",2018 Q1,602099.5
"753","35000","New Mexico",2018 Q1,98015.9
"754","36000","New York",2018 Q1,1675422
"755","37000","North Carolina",2018 Q1,556731.6
"756","38000","North Dakota",2018 Q1,55044.9
"757","39000","Ohio",2018 Q1,662028.3
"758","40000","Oklahoma",2018 Q1,194290
"759","41000","Oregon",2018 Q1,237068.3
"760","42000","Pennsylvania",2018 Q1,764535.7
"761","44000","Rhode Island",2018 Q1,58930.7
"762","45000","South Carolina",2018 Q1,230430.5
"763","46000","South Dakota",2018 Q1,52952.9
"764","47000","Tennessee",2018 Q1,355341.3
"765","48000","Texas",2018 Q1,1755051.1
"766","49000","Utah",2018 Q1,176877.8
"767","50000","Vermont",2018 Q1,32554.5
"768","51000","Virginia",2018 Q1,525661.5
"769","53000","Washington",2018 Q1,560333.3
"770","54000","West Virginia",2018 Q1,75294.1
"771","55000","Wisconsin",2018 Q1,333080.9
"772","56000","Wyoming",2018 Q1,38954.8
"773","91000","New England",2018 Q1,1076702.2
"774","92000","Mideast",2018 Q1,3657813.5
"775","93000","Great Lakes",2018 Q1,2727647.1
"776","94000","Plains",2018 Q1,1266563.8
"777","95000","Southeast",2018 Q1,4274137.5
"778","96000","Southwest",2018 Q1,2391869.9
"779","97000","Rocky Mountain",2018 Q1,708699.6
"780","98000","Far West",2018 Q1,4027530.6
"781","00000","United States",2018 Q2,20552653
"782","01000","Alabama",2018 Q2,220377.9
"783","02000","Alaska",2018 Q2,54207.3
"784","04000","Arizona",2018 Q2,348608
"785","05000","Arkansas",2018 Q2,127670.5
"786","06000","California",2018 Q2,2966250.1
"787","08000","Colorado",2018 Q2,371053.9
"788","09000","Connecticut",2018 Q2,277938
"789","10000","Delaware",2018 Q2,73766.7
"790","11000","District of Columbia",2018 Q2,138232.6
"791","12000","Florida",2018 Q2,1042872.5
"792","13000","Georgia",2018 Q2,598940.6
"793","15000","Hawaii",2018 Q2,93265.4
"794","16000","Idaho",2018 Q2,78811.1
"795","17000","Illinois",2018 Q2,860142
"796","18000","Indiana",2018 Q2,367071.6
"797","19000","Iowa",2018 Q2,190742.1
"798","20000","Kansas",2018 Q2,172026.8
"799","21000","Kentucky",2018 Q2,207404.8
"800","22000","Louisiana",2018 Q2,253237.1
"801","23000","Maine",2018 Q2,64507.4
"802","24000","Maryland",2018 Q2,411435.9
"803","25000","Massachusetts",2018 Q2,569485.9
"804","26000","Michigan",2018 Q2,521167.4
"805","27000","Minnesota",2018 Q2,371278.6
"806","28000","Mississippi",2018 Q2,113782.8
"807","29000","Missouri",2018 Q2,318559.4
"808","30000","Montana",2018 Q2,50637.3
"809","31000","Nebraska",2018 Q2,124474
"810","32000","Nevada",2018 Q2,167903.1
"811","33000","New Hampshire",2018 Q2,84431.3
"812","34000","New Jersey",2018 Q2,611207.8
"813","35000","New Mexico",2018 Q2,99708.2
"814","36000","New York",2018 Q2,1703877.1
"815","37000","North Carolina",2018 Q2,567963.7
"816","38000","North Dakota",2018 Q2,56159.6
"817","39000","Ohio",2018 Q2,673002.2
"818","40000","Oklahoma",2018 Q2,197788.2
"819","41000","Oregon",2018 Q2,240531.1
"820","42000","Pennsylvania",2018 Q2,775759.4
"821","44000","Rhode Island",2018 Q2,59845.4
"822","45000","South Carolina",2018 Q2,234120.3
"823","46000","South Dakota",2018 Q2,53051.3
"824","47000","Tennessee",2018 Q2,361895.4
"825","48000","Texas",2018 Q2,1793165.6
"826","49000","Utah",2018 Q2,181342.7
"827","50000","Vermont",2018 Q2,33009.5
"828","51000","Virginia",2018 Q2,531814.8
"829","53000","Washington",2018 Q2,571311
"830","54000","West Virginia",2018 Q2,77104.7
"831","55000","Wisconsin",2018 Q2,335832.6
"832","56000","Wyoming",2018 Q2,39603.4
"833","91000","New England",2018 Q2,1089217.5
"834","92000","Mideast",2018 Q2,3714279.4
"835","93000","Great Lakes",2018 Q2,2757215.9
"836","94000","Plains",2018 Q2,1286291.8
"837","95000","Southeast",2018 Q2,4337185
"838","96000","Southwest",2018 Q2,2439269.9
"839","97000","Rocky Mountain",2018 Q2,721448.3
"840","98000","Far West",2018 Q2,4093468
"841","00000","United States",2018 Q3,20742723
"842","01000","Alabama",2018 Q3,221504.3
"843","02000","Alaska",2018 Q3,54662.3
"844","04000","Arizona",2018 Q3,352675.5
"845","05000","Arkansas",2018 Q3,128085
"846","06000","California",2018 Q3,2991611.8
"847","08000","Colorado",2018 Q3,374189.9
"848","09000","Connecticut",2018 Q3,282218.5
"849","10000","Delaware",2018 Q3,75363.2
"850","11000","District of Columbia",2018 Q3,140037.9
"851","12000","Florida",2018 Q3,1058373.3
"852","13000","Georgia",2018 Q3,607510.7
"853","15000","Hawaii",2018 Q3,93158
"854","16000","Idaho",2018 Q3,79215.2
"855","17000","Illinois",2018 Q3,867094.9
"856","18000","Indiana",2018 Q3,369451.8
"857","19000","Iowa",2018 Q3,190722.5
"858","20000","Kansas",2018 Q3,172640.4
"859","21000","Kentucky",2018 Q3,208351.9
"860","22000","Louisiana",2018 Q3,254370.6
"861","23000","Maine",2018 Q3,64995.8
"862","24000","Maryland",2018 Q3,412642.5
"863","25000","Massachusetts",2018 Q3,573514.9
"864","26000","Michigan",2018 Q3,523755.7
"865","27000","Minnesota",2018 Q3,374310
"866","28000","Mississippi",2018 Q3,113936.3
"867","29000","Missouri",2018 Q3,319406.8
"868","30000","Montana",2018 Q3,50716.4
"869","31000","Nebraska",2018 Q3,124122.7
"870","32000","Nevada",2018 Q3,169764.1
"871","33000","New Hampshire",2018 Q3,85107
"872","34000","New Jersey",2018 Q3,615866.2
"873","35000","New Mexico",2018 Q3,100660.7
"874","36000","New York",2018 Q3,1720476
"875","37000","North Carolina",2018 Q3,569085.4
"876","38000","North Dakota",2018 Q3,56912.7
"877","39000","Ohio",2018 Q3,680592.9
"878","40000","Oklahoma",2018 Q3,200001.1
"879","41000","Oregon",2018 Q3,243988.7
"880","42000","Pennsylvania",2018 Q3,783635.5
"881","44000","Rhode Island",2018 Q3,59983.1
"882","45000","South Carolina",2018 Q3,236517.2
"883","46000","South Dakota",2018 Q3,53222.1
"884","47000","Tennessee",2018 Q3,365540
"885","48000","Texas",2018 Q3,1809490.7
"886","49000","Utah",2018 Q3,183298.1
"887","50000","Vermont",2018 Q3,33039.3
"888","51000","Virginia",2018 Q3,535895.8
"889","53000","Washington",2018 Q3,584400.7
"890","54000","West Virginia",2018 Q3,78646.4
"891","55000","Wisconsin",2018 Q3,339101.6
"892","56000","Wyoming",2018 Q3,40027.2
"893","91000","New England",2018 Q3,1098858.6
"894","92000","Mideast",2018 Q3,3748021.3
"895","93000","Great Lakes",2018 Q3,2779996.8
"896","94000","Plains",2018 Q3,1291337.2
"897","95000","Southeast",2018 Q3,4377816.9
"898","96000","Southwest",2018 Q3,2462828
"899","97000","Rocky Mountain",2018 Q3,727446.9
"900","98000","Far West",2018 Q3,4137585.5
"901","00000","United States",2018 Q4,20909853
"902","01000","Alabama",2018 Q4,224372.7
"903","02000","Alaska",2018 Q4,54765.1
"904","04000","Arizona",2018 Q4,357076.8
"905","05000","Arkansas",2018 Q4,129333.4
"906","06000","California",2018 Q4,3023522.6
"907","08000","Colorado",2018 Q4,379145.3
"908","09000","Connecticut",2018 Q4,281242.4
"909","10000","Delaware",2018 Q4,75333.3
"910","11000","District of Columbia",2018 Q4,140360
"911","12000","Florida",2018 Q4,1068242.7
"912","13000","Georgia",2018 Q4,612177.4
"913","15000","Hawaii",2018 Q4,94083.2
"914","16000","Idaho",2018 Q4,80713.5
"915","17000","Illinois",2018 Q4,872806.4
"916","18000","Indiana",2018 Q4,373039.3
"917","19000","Iowa",2018 Q4,191380.8
"918","20000","Kansas",2018 Q4,173162.6
"919","21000","Kentucky",2018 Q4,210804.8
"920","22000","Louisiana",2018 Q4,256352
"921","23000","Maine",2018 Q4,65126.3
"922","24000","Maryland",2018 Q4,415388.7
"923","25000","Massachusetts",2018 Q4,578523.3
"924","26000","Michigan",2018 Q4,526002.6
"925","27000","Minnesota",2018 Q4,376927
"926","28000","Mississippi",2018 Q4,114733.4
"927","29000","Missouri",2018 Q4,321129.7
"928","30000","Montana",2018 Q4,51594.2
"929","31000","Nebraska",2018 Q4,126350.2
"930","32000","Nevada",2018 Q4,173301.9
"931","33000","New Hampshire",2018 Q4,85242.5
"932","34000","New Jersey",2018 Q4,622743.8
"933","35000","New Mexico",2018 Q4,101934.9
"934","36000","New York",2018 Q4,1720265.7
"935","37000","North Carolina",2018 Q4,576026
"936","38000","North Dakota",2018 Q4,57029.9
"937","39000","Ohio",2018 Q4,684495.3
"938","40000","Oklahoma",2018 Q4,202303.9
"939","41000","Oregon",2018 Q4,246324.2
"940","42000","Pennsylvania",2018 Q4,789567.7
"941","44000","Rhode Island",2018 Q4,60939.3
"942","45000","South Carolina",2018 Q4,240079.8
"943","46000","South Dakota",2018 Q4,53729.7
"944","47000","Tennessee",2018 Q4,368171.5
"945","48000","Texas",2018 Q4,1824833.2
"946","49000","Utah",2018 Q4,184972.2
"947","50000","Vermont",2018 Q4,33320.9
"948","51000","Virginia",2018 Q4,540669.6
"949","53000","Washington",2018 Q4,585621.8
"950","54000","West Virginia",2018 Q4,79484.8
"951","55000","Wisconsin",2018 Q4,342197.3
"952","56000","Wyoming",2018 Q4,40227.2
"953","91000","New England",2018 Q4,1104394.8
"954","92000","Mideast",2018 Q4,3763659.2
"955","93000","Great Lakes",2018 Q4,2798540.9
"956","94000","Plains",2018 Q4,1299709.9
"957","95000","Southeast",2018 Q4,4420447.9
"958","96000","Southwest",2018 Q4,2486148.7
"959","97000","Rocky Mountain",2018 Q4,736652.4
"960","98000","Far West",2018 Q4,4177618.8
"961","00000","United States",2019 Q1,21115309
"962","01000","Alabama",2019 Q1,225565.2
"963","02000","Alaska",2019 Q1,54137.6
"964","04000","Arizona",2019 Q1,361379.7
"965","05000","Arkansas",2019 Q1,129192.6
"966","06000","California",2019 Q1,3063191.2
"967","08000","Colorado",2019 Q1,384026.7
"968","09000","Connecticut",2019 Q1,285446.1
"969","10000","Delaware",2019 Q1,76249.9
"970","11000","District of Columbia",2019 Q1,141906.1
"971","12000","Florida",2019 Q1,1087640.8
"972","13000","Georgia",2019 Q1,616436.6
"973","15000","Hawaii",2019 Q1,94840.1
"974","16000","Idaho",2019 Q1,81657.1
"975","17000","Illinois",2019 Q1,878173.3
"976","18000","Indiana",2019 Q1,374442.5
"977","19000","Iowa",2019 Q1,192286
"978","20000","Kansas",2019 Q1,174451.9
"979","21000","Kentucky",2019 Q1,212486.2
"980","22000","Louisiana",2019 Q1,255724.2
"981","23000","Maine",2019 Q1,66662.1
"982","24000","Maryland",2019 Q1,420722
"983","25000","Massachusetts",2019 Q1,588307.9
"984","26000","Michigan",2019 Q1,529751
"985","27000","Minnesota",2019 Q1,378234.2
"986","28000","Mississippi",2019 Q1,114562.6
"987","29000","Missouri",2019 Q1,324813.1
"988","30000","Montana",2019 Q1,51910.8
"989","31000","Nebraska",2019 Q1,126562.5
"990","32000","Nevada",2019 Q1,174546.7
"991","33000","New Hampshire",2019 Q1,87338.2
"992","34000","New Jersey",2019 Q1,626257.5
"993","35000","New Mexico",2019 Q1,102971.8
"994","36000","New York",2019 Q1,1746190.9
"995","37000","North Carolina",2019 Q1,581020.2
"996","38000","North Dakota",2019 Q1,56696.4
"997","39000","Ohio",2019 Q1,688012.2
"998","40000","Oklahoma",2019 Q1,202146.7
"999","41000","Oregon",2019 Q1,249543.8
"1000","42000","Pennsylvania",2019 Q1,797988.3
"1001","44000","Rhode Island",2019 Q1,61626.6
"1002","45000","South Carolina",2019 Q1,244305.4
"1003","46000","South Dakota",2019 Q1,53712.3
"1004","47000","Tennessee",2019 Q1,370936.3
"1005","48000","Texas",2019 Q1,1827426.3
"1006","49000","Utah",2019 Q1,189356.4
"1007","50000","Vermont",2019 Q1,33810.5
"1008","51000","Virginia",2019 Q1,548014.2
"1009","53000","Washington",2019 Q1,600330.7
"1010","54000","West Virginia",2019 Q1,78711.4
"1011","55000","Wisconsin",2019 Q1,345241.7
"1012","56000","Wyoming",2019 Q1,40114.1
"1013","91000","New England",2019 Q1,1123191.4
"1014","92000","Mideast",2019 Q1,3809314.6
"1015","93000","Great Lakes",2019 Q1,2815620.7
"1016","94000","Plains",2019 Q1,1306756.3
"1017","95000","Southeast",2019 Q1,4464595.8
"1018","96000","Southwest",2019 Q1,2493924.4
"1019","97000","Rocky Mountain",2019 Q1,747065.2
"1020","98000","Far West",2019 Q1,4236590.2
"1021","00000","United States",2019 Q2,21329877
"1022","01000","Alabama",2019 Q2,226927
"1023","02000","Alaska",2019 Q2,54279.9
"1024","04000","Arizona",2019 Q2,366904.9
"1025","05000","Arkansas",2019 Q2,130471.2
"1026","06000","California",2019 Q2,3119173.7
"1027","08000","Colorado",2019 Q2,390214.3
"1028","09000","Connecticut",2019 Q2,286646.4
"1029","10000","Delaware",2019 Q2,76924.7
"1030","11000","District of Columbia",2019 Q2,142608.5
"1031","12000","Florida",2019 Q2,1098679.2
"1032","13000","Georgia",2019 Q2,622814.4
"1033","15000","Hawaii",2019 Q2,95110.9
"1034","16000","Idaho",2019 Q2,82880.3
"1035","17000","Illinois",2019 Q2,880445.3
"1036","18000","Indiana",2019 Q2,377843.6
"1037","19000","Iowa",2019 Q2,193982.1
"1038","20000","Kansas",2019 Q2,175961.7
"1039","21000","Kentucky",2019 Q2,214284.4
"1040","22000","Louisiana",2019 Q2,255708.2
"1041","23000","Maine",2019 Q2,67053.4
"1042","24000","Maryland",2019 Q2,424620.3
"1043","25000","Massachusetts",2019 Q2,594309.9
"1044","26000","Michigan",2019 Q2,533726.8
"1045","27000","Minnesota",2019 Q2,381618.1
"1046","28000","Mississippi",2019 Q2,115174.6
"1047","29000","Missouri",2019 Q2,326229.7
"1048","30000","Montana",2019 Q2,52442.3
"1049","31000","Nebraska",2019 Q2,128850.5
"1050","32000","Nevada",2019 Q2,176843.8
"1051","33000","New Hampshire",2019 Q2,87343
"1052","34000","New Jersey",2019 Q2,631545.7
"1053","35000","New Mexico",2019 Q2,104682.2
"1054","36000","New York",2019 Q2,1771545.4
"1055","37000","North Carolina",2019 Q2,588477.4
"1056","38000","North Dakota",2019 Q2,57356.8
"1057","39000","Ohio",2019 Q2,691884.6
"1058","40000","Oklahoma",2019 Q2,202274
"1059","41000","Oregon",2019 Q2,251471.7
"1060","42000","Pennsylvania",2019 Q2,805933.2
"1061","44000","Rhode Island",2019 Q2,61804.6
"1062","45000","South Carolina",2019 Q2,245094.6
"1063","46000","South Dakota",2019 Q2,54497.3
"1064","47000","Tennessee",2019 Q2,375387.5
"1065","48000","Texas",2019 Q2,1835576.3
"1066","49000","Utah",2019 Q2,190105
"1067","50000","Vermont",2019 Q2,33805.8
"1068","51000","Virginia",2019 Q2,552269.8
"1069","53000","Washington",2019 Q2,608171.1
"1070","54000","West Virginia",2019 Q2,79185.1
"1071","55000","Wisconsin",2019 Q2,348471.3
"1072","56000","Wyoming",2019 Q2,40301.3
"1073","91000","New England",2019 Q2,1130963
"1074","92000","Mideast",2019 Q2,3853177.7
"1075","93000","Great Lakes",2019 Q2,2832371.6
"1076","94000","Plains",2019 Q2,1318496.4
"1077","95000","Southeast",2019 Q2,4504473.4
"1078","96000","Southwest",2019 Q2,2509437.3
"1079","97000","Rocky Mountain",2019 Q2,755943.3
"1080","98000","Far West",2019 Q2,4305051.1
"1081","00000","United States",2019 Q3,21540325
"1082","01000","Alabama",2019 Q3,229328.2
"1083","02000","Alaska",2019 Q3,54449.9
"1084","04000","Arizona",2019 Q3,373173
"1085","05000","Arkansas",2019 Q3,131556.2
"1086","06000","California",2019 Q3,3143837.3
"1087","08000","Colorado",2019 Q3,396839.6
"1088","09000","Connecticut",2019 Q3,288493.2
"1089","10000","Delaware",2019 Q3,77275.7
"1090","11000","District of Columbia",2019 Q3,143764.8
"1091","12000","Florida",2019 Q3,1113170
"1092","13000","Georgia",2019 Q3,629465.7
"1093","15000","Hawaii",2019 Q3,96025.2
"1094","16000","Idaho",2019 Q3,84333.4
"1095","17000","Illinois",2019 Q3,890357.8
"1096","18000","Indiana",2019 Q3,381578.6
"1097","19000","Iowa",2019 Q3,196116.7
"1098","20000","Kansas",2019 Q3,176953.6
"1099","21000","Kentucky",2019 Q3,216398.7
"1100","22000","Louisiana",2019 Q3,257162.2
"1101","23000","Maine",2019 Q3,68167.9
"1102","24000","Maryland",2019 Q3,428649.7
"1103","25000","Massachusetts",2019 Q3,600545
"1104","26000","Michigan",2019 Q3,540585.8
"1105","27000","Minnesota",2019 Q3,385752.1
"1106","28000","Mississippi",2019 Q3,116505.7
"1107","29000","Missouri",2019 Q3,329899.7
"1108","30000","Montana",2019 Q3,53350.6
"1109","31000","Nebraska",2019 Q3,131433.2
"1110","32000","Nevada",2019 Q3,179655.6
"1111","33000","New Hampshire",2019 Q3,87840.4
"1112","34000","New Jersey",2019 Q3,638363.6
"1113","35000","New Mexico",2019 Q3,106005
"1114","36000","New York",2019 Q3,1779739.8
"1115","37000","North Carolina",2019 Q3,595117.9
"1116","38000","North Dakota",2019 Q3,57198.6
"1117","39000","Ohio",2019 Q3,698180.8
"1118","40000","Oklahoma",2019 Q3,202119.3
"1119","41000","Oregon",2019 Q3,254784.7
"1120","42000","Pennsylvania",2019 Q3,812579.9
"1121","44000","Rhode Island",2019 Q3,61768.8
"1122","45000","South Carolina",2019 Q3,249110.6
"1123","46000","South Dakota",2019 Q3,55502.2
"1124","47000","Tennessee",2019 Q3,379183
"1125","48000","Texas",2019 Q3,1850626.4
"1126","49000","Utah",2019 Q3,193976
"1127","50000","Vermont",2019 Q3,34117.2
"1128","51000","Virginia",2019 Q3,560807.5
"1129","53000","Washington",2019 Q3,618623
"1130","54000","West Virginia",2019 Q3,79078.5
"1131","55000","Wisconsin",2019 Q3,350017.4
"1132","56000","Wyoming",2019 Q3,40500.8
"1133","91000","New England",2019 Q3,1140932.3
"1134","92000","Mideast",2019 Q3,3880373.6
"1135","93000","Great Lakes",2019 Q3,2860720.4
"1136","94000","Plains",2019 Q3,1332856.2
"1137","95000","Southeast",2019 Q3,4556884.3
"1138","96000","Southwest",2019 Q3,2531923.7
"1139","97000","Rocky Mountain",2019 Q3,769000.5
"1140","98000","Far West",2019 Q3,4347375.7
"1141","00000","United States",2019 Q4,21747394
"1142","01000","Alabama",2019 Q4,230750.1
"1143","02000","Alaska",2019 Q4,54674.7
"1144","04000","Arizona",2019 Q4,379018.8
"1145","05000","Arkansas",2019 Q4,132596.4
"1146","06000","California",2019 Q4,3205000.1
"1147","08000","Colorado",2019 Q4,400863.4
"1148","09000","Connecticut",2019 Q4,290703
"1149","10000","Delaware",2019 Q4,77879.4
"1150","11000","District of Columbia",2019 Q4,145278
"1151","12000","Florida",2019 Q4,1126510.3
"1152","13000","Georgia",2019 Q4,634137.5
"1153","15000","Hawaii",2019 Q4,97001.1
"1154","16000","Idaho",2019 Q4,85791.1
"1155","17000","Illinois",2019 Q4,893355.5
"1156","18000","Indiana",2019 Q4,384871.7
"1157","19000","Iowa",2019 Q4,196247.4
"1158","20000","Kansas",2019 Q4,178605.1
"1159","21000","Kentucky",2019 Q4,218426.1
"1160","22000","Louisiana",2019 Q4,259079.3
"1161","23000","Maine",2019 Q4,68984.9
"1162","24000","Maryland",2019 Q4,432997.8
"1163","25000","Massachusetts",2019 Q4,603209.6
"1164","26000","Michigan",2019 Q4,543489.4
"1165","27000","Minnesota",2019 Q4,389503.7
"1166","28000","Mississippi",2019 Q4,117642.3
"1167","29000","Missouri",2019 Q4,332659.7
"1168","30000","Montana",2019 Q4,54034.7
"1169","31000","Nebraska",2019 Q4,133201
"1170","32000","Nevada",2019 Q4,181751.6
"1171","33000","New Hampshire",2019 Q4,88014.8
"1172","34000","New Jersey",2019 Q4,642967.7
"1173","35000","New Mexico",2019 Q4,106914.4
"1174","36000","New York",2019 Q4,1791566.8
"1175","37000","North Carolina",2019 Q4,601787.9
"1176","38000","North Dakota",2019 Q4,57471.9
"1177","39000","Ohio",2019 Q4,703368.9
"1178","40000","Oklahoma",2019 Q4,201604.3
"1179","41000","Oregon",2019 Q4,258692.6
"1180","42000","Pennsylvania",2019 Q4,818448.6
"1181","44000","Rhode Island",2019 Q4,62335.4
"1182","45000","South Carolina",2019 Q4,251664.5
"1183","46000","South Dakota",2019 Q4,56051.9
"1184","47000","Tennessee",2019 Q4,380823
"1185","48000","Texas",2019 Q4,1861581.9
"1186","49000","Utah",2019 Q4,196639.4
"1187","50000","Vermont",2019 Q4,34320.2
"1188","51000","Virginia",2019 Q4,566529.4
"1189","53000","Washington",2019 Q4,624861.4
"1190","54000","West Virginia",2019 Q4,78480.5
"1191","55000","Wisconsin",2019 Q4,353935.5
"1192","56000","Wyoming",2019 Q4,40764.3
"1193","91000","New England",2019 Q4,1147567.9
"1194","92000","Mideast",2019 Q4,3909138.2
"1195","93000","Great Lakes",2019 Q4,2879021
"1196","94000","Plains",2019 Q4,1343740.7
"1197","95000","Southeast",2019 Q4,4598427.4
"1198","96000","Southwest",2019 Q4,2549119.3
"1199","97000","Rocky Mountain",2019 Q4,778092.9
"1200","98000","Far West",2019 Q4,4421981.5
"1201","00000","United States",2020 Q1,21561139
"1202","01000","Alabama",2020 Q1,229831.4
"1203","02000","Alaska",2020 Q1,52864.4
"1204","04000","Arizona",2020 Q1,377475.9
"1205","05000","Arkansas",2020 Q1,131818
"1206","06000","California",2020 Q1,3189702.6
"1207","08000","Colorado",2020 Q1,400041.2
"1208","09000","Connecticut",2020 Q1,288368.1
"1209","10000","Delaware",2020 Q1,76283.2
"1210","11000","District of Columbia",2020 Q1,145727.8
"1211","12000","Florida",2020 Q1,1121367
"1212","13000","Georgia",2020 Q1,631345.6
"1213","15000","Hawaii",2020 Q1,95364.3
"1214","16000","Idaho",2020 Q1,85835.1
"1215","17000","Illinois",2020 Q1,884447
"1216","18000","Indiana",2020 Q1,381901.9
"1217","19000","Iowa",2020 Q1,196502.8
"1218","20000","Kansas",2020 Q1,177917.3
"1219","21000","Kentucky",2020 Q1,216580.3
"1220","22000","Louisiana",2020 Q1,250976.2
"1221","23000","Maine",2020 Q1,68319.2
"1222","24000","Maryland",2020 Q1,431771.8
"1223","25000","Massachusetts",2020 Q1,600740
"1224","26000","Michigan",2020 Q1,535152.9
"1225","27000","Minnesota",2020 Q1,384500.3
"1226","28000","Mississippi",2020 Q1,117099.2
"1227","29000","Missouri",2020 Q1,330286.5
"1228","30000","Montana",2020 Q1,53284.7
"1229","31000","Nebraska",2020 Q1,132719.5
"1230","32000","Nevada",2020 Q1,180034
"1231","33000","New Hampshire",2020 Q1,88126.5
"1232","34000","New Jersey",2020 Q1,641665.5
"1233","35000","New Mexico",2020 Q1,104461.6
"1234","36000","New York",2020 Q1,1778240
"1235","37000","North Carolina",2020 Q1,600630.9
"1236","38000","North Dakota",2020 Q1,56417.5
"1237","39000","Ohio",2020 Q1,696274.2
"1238","40000","Oklahoma",2020 Q1,195606.4
"1239","41000","Oregon",2020 Q1,257687.6
"1240","42000","Pennsylvania",2020 Q1,808936.8
"1241","44000","Rhode Island",2020 Q1,61953.8
"1242","45000","South Carolina",2020 Q1,247816.9
"1243","46000","South Dakota",2020 Q1,56071.7
"1244","47000","Tennessee",2020 Q1,379453.8
"1245","48000","Texas",2020 Q1,1818394.5
"1246","49000","Utah",2020 Q1,195594.4
"1247","50000","Vermont",2020 Q1,34016.6
"1248","51000","Virginia",2020 Q1,562718
"1249","53000","Washington",2020 Q1,625120.6
"1250","54000","West Virginia",2020 Q1,76366.3
"1251","55000","Wisconsin",2020 Q1,348021
"1252","56000","Wyoming",2020 Q1,38680.2
"1253","91000","New England",2020 Q1,1141524.2
"1254","92000","Mideast",2020 Q1,3882625.2
"1255","93000","Great Lakes",2020 Q1,2845796.9
"1256","94000","Plains",2020 Q1,1334415.8
"1257","95000","Southeast",2020 Q1,4566003.6
"1258","96000","Southwest",2020 Q1,2495938.3
"1259","97000","Rocky Mountain",2020 Q1,773435.6
"1260","98000","Far West",2020 Q1,4400773.4
"1261","00000","United States",2020 Q2,19520114
"1262","01000","Alabama",2020 Q2,209852.3
"1263","02000","Alaska",2020 Q2,45644.4
"1264","04000","Arizona",2020 Q2,350140.9
"1265","05000","Arkansas",2020 Q2,120812.4
"1266","06000","California",2020 Q2,2893053.9
"1267","08000","Colorado",2020 Q2,365008.7
"1268","09000","Connecticut",2020 Q2,262708.3
"1269","10000","Delaware",2020 Q2,71610.5
"1270","11000","District of Columbia",2020 Q2,137972.4
"1271","12000","Florida",2020 Q2,1026676.3
"1272","13000","Georgia",2020 Q2,580731.7
"1273","15000","Hawaii",2020 Q2,83429
"1274","16000","Idaho",2020 Q2,77384.1
"1275","17000","Illinois",2020 Q2,807383.5
"1276","18000","Indiana",2020 Q2,344033.2
"1277","19000","Iowa",2020 Q2,179037.3
"1278","20000","Kansas",2020 Q2,161464.3
"1279","21000","Kentucky",2020 Q2,193877.8
"1280","22000","Louisiana",2020 Q2,224129.4
"1281","23000","Maine",2020 Q2,61496.3
"1282","24000","Maryland",2020 Q2,398609.3
"1283","25000","Massachusetts",2020 Q2,546546.3
"1284","26000","Michigan",2020 Q2,475493.9
"1285","27000","Minnesota",2020 Q2,348033.8
"1286","28000","Mississippi",2020 Q2,105681
"1287","29000","Missouri",2020 Q2,299130.6
"1288","30000","Montana",2020 Q2,47721.4
"1289","31000","Nebraska",2020 Q2,119692.3
"1290","32000","Nevada",2020 Q2,156421.3
"1291","33000","New Hampshire",2020 Q2,78691.2
"1292","34000","New Jersey",2020 Q2,574017.5
"1293","35000","New Mexico",2020 Q2,93367.1
"1294","36000","New York",2020 Q2,1587879.2
"1295","37000","North Carolina",2020 Q2,546775.7
"1296","38000","North Dakota",2020 Q2,49880.8
"1297","39000","Ohio",2020 Q2,626275.4
"1298","40000","Oklahoma",2020 Q2,173060.5
"1299","41000","Oregon",2020 Q2,233799.2
"1300","42000","Pennsylvania",2020 Q2,723830.4
"1301","44000","Rhode Island",2020 Q2,56285.2
"1302","45000","South Carolina",2020 Q2,224689.2
"1303","46000","South Dakota",2020 Q2,50951.3
"1304","47000","Tennessee",2020 Q2,333194.3
"1305","48000","Texas",2020 Q2,1628185
"1306","49000","Utah",2020 Q2,182894.6
"1307","50000","Vermont",2020 Q2,30174.8
"1308","51000","Virginia",2020 Q2,519911.6
"1309","53000","Washington",2020 Q2,579694.9
"1310","54000","West Virginia",2020 Q2,68000.8
"1311","55000","Wisconsin",2020 Q2,314026.5
"1312","56000","Wyoming",2020 Q2,33233.1
"1313","91000","New England",2020 Q2,1035902.1
"1314","92000","Mideast",2020 Q2,3493919.2
"1315","93000","Great Lakes",2020 Q2,2567212.4
"1316","94000","Plains",2020 Q2,1208190.5
"1317","95000","Southeast",2020 Q2,4154332.6
"1318","96000","Southwest",2020 Q2,2244753.5
"1319","97000","Rocky Mountain",2020 Q2,706242
"1320","98000","Far West",2020 Q2,3992042.7
"1321","00000","United States",2020 Q3,21170252
"1322","01000","Alabama",2020 Q3,228062.3
"1323","02000","Alaska",2020 Q3,50412.9
"1324","04000","Arizona",2020 Q3,378296.5
"1325","05000","Arkansas",2020 Q3,130709.5
"1326","06000","California",2020 Q3,3120386.1
"1327","08000","Colorado",2020 Q3,394271.4
"1328","09000","Connecticut",2020 Q3,283601.4
"1329","10000","Delaware",2020 Q3,76468
"1330","11000","District of Columbia",2020 Q3,144653.3
"1331","12000","Florida",2020 Q3,1111613.8
"1332","13000","Georgia",2020 Q3,627666.8
"1333","15000","Hawaii",2020 Q3,89865.6
"1334","16000","Idaho",2020 Q3,85551.6
"1335","17000","Illinois",2020 Q3,875671.3
"1336","18000","Indiana",2020 Q3,379292.5
"1337","19000","Iowa",2020 Q3,195352.8
"1338","20000","Kansas",2020 Q3,175465.2
"1339","21000","Kentucky",2020 Q3,213169.1
"1340","22000","Louisiana",2020 Q3,244576.7
"1341","23000","Maine",2020 Q3,67129.3
"1342","24000","Maryland",2020 Q3,427615.8
"1343","25000","Massachusetts",2020 Q3,590307.1
"1344","26000","Michigan",2020 Q3,524828.2
"1345","27000","Minnesota",2020 Q3,379388.3
"1346","28000","Mississippi",2020 Q3,115899.8
"1347","29000","Missouri",2020 Q3,325841.3
"1348","30000","Montana",2020 Q3,51933.5
"1349","31000","Nebraska",2020 Q3,129761.5
"1350","32000","Nevada",2020 Q3,175509
"1351","33000","New Hampshire",2020 Q3,86319.2
"1352","34000","New Jersey",2020 Q3,625658.8
"1353","35000","New Mexico",2020 Q3,100776.8
"1354","36000","New York",2020 Q3,1705127
"1355","37000","North Carolina",2020 Q3,594125.5
"1356","38000","North Dakota",2020 Q3,54043.7
"1357","39000","Ohio",2020 Q3,683460.1
"1358","40000","Oklahoma",2020 Q3,186882.9
"1359","41000","Oregon",2020 Q3,253848.9
"1360","42000","Pennsylvania",2020 Q3,788500
"1361","44000","Rhode Island",2020 Q3,61081.2
"1362","45000","South Carolina",2020 Q3,245473.2
"1363","46000","South Dakota",2020 Q3,55243.2
"1364","47000","Tennessee",2020 Q3,369062.8
"1365","48000","Texas",2020 Q3,1772131.6
"1366","49000","Utah",2020 Q3,198630.2
"1367","50000","Vermont",2020 Q3,33277.8
"1368","51000","Virginia",2020 Q3,557986.3
"1369","53000","Washington",2020 Q3,632013.5
"1370","54000","West Virginia",2020 Q3,74510.9
"1371","55000","Wisconsin",2020 Q3,344500
"1372","56000","Wyoming",2020 Q3,35999.5
"1373","91000","New England",2020 Q3,1121716
"1374","92000","Mideast",2020 Q3,3768023
"1375","93000","Great Lakes",2020 Q3,2807752.2
"1376","94000","Plains",2020 Q3,1315096
"1377","95000","Southeast",2020 Q3,4512856.6
"1378","96000","Southwest",2020 Q3,2438087.8
"1379","97000","Rocky Mountain",2020 Q3,766386.3
"1380","98000","Far West",2020 Q3,4322036
"1381","00000","United States",2020 Q4,21494731
"1382","01000","Alabama",2020 Q4,231736.3
"1383","02000","Alaska",2020 Q4,52065
"1384","04000","Arizona",2020 Q4,383930.5
"1385","05000","Arkansas",2020 Q4,132955.6
"1386","06000","California",2020 Q4,3164343.4
"1387","08000","Colorado",2020 Q4,401073.6
"1388","09000","Connecticut",2020 Q4,288923.4
"1389","10000","Delaware",2020 Q4,77688.1
"1390","11000","District of Columbia",2020 Q4,145777.4
"1391","12000","Florida",2020 Q4,1123895.8
"1392","13000","Georgia",2020 Q4,637215.9
"1393","15000","Hawaii",2020 Q4,90765.7
"1394","16000","Idaho",2020 Q4,87358
"1395","17000","Illinois",2020 Q4,886565.2
"1396","18000","Indiana",2020 Q4,385319
"1397","19000","Iowa",2020 Q4,199947.8
"1398","20000","Kansas",2020 Q4,178346.5
"1399","21000","Kentucky",2020 Q4,216469.5
"1400","22000","Louisiana",2020 Q4,248280.7
"1401","23000","Maine",2020 Q4,67839.3
"1402","24000","Maryland",2020 Q4,432908.5
"1403","25000","Massachusetts",2020 Q4,598562.5
"1404","26000","Michigan",2020 Q4,528238.1
"1405","27000","Minnesota",2020 Q4,385484.7
"1406","28000","Mississippi",2020 Q4,118122.3
"1407","29000","Missouri",2020 Q4,331576.5
"1408","30000","Montana",2020 Q4,53015.4
"1409","31000","Nebraska",2020 Q4,133061.6
"1410","32000","Nevada",2020 Q4,178426.2
"1411","33000","New Hampshire",2020 Q4,87300.2
"1412","34000","New Jersey",2020 Q4,634902.6
"1413","35000","New Mexico",2020 Q4,102635
"1414","36000","New York",2020 Q4,1724932.8
"1415","37000","North Carolina",2020 Q4,603012.6
"1416","38000","North Dakota",2020 Q4,55789.8
"1417","39000","Ohio",2020 Q4,694139.4
"1418","40000","Oklahoma",2020 Q4,190775.6
"1419","41000","Oregon",2020 Q4,256498.1
"1420","42000","Pennsylvania",2020 Q4,799437
"1421","44000","Rhode Island",2020 Q4,61578.5
"1422","45000","South Carolina",2020 Q4,248775.5
"1423","46000","South Dakota",2020 Q4,57142.3
"1424","47000","Tennessee",2020 Q4,376232.7
"1425","48000","Texas",2020 Q4,1820226.5
"1426","49000","Utah",2020 Q4,202823.9
"1427","50000","Vermont",2020 Q4,33717.5
"1428","51000","Virginia",2020 Q4,566425.1
"1429","53000","Washington",2020 Q4,637990.7
"1430","54000","West Virginia",2020 Q4,75958.7
"1431","55000","Wisconsin",2020 Q4,348165.9
"1432","56000","Wyoming",2020 Q4,37053.3
"1433","91000","New England",2020 Q4,1137921.3
"1434","92000","Mideast",2020 Q4,3815646.3
"1435","93000","Great Lakes",2020 Q4,2842427.6
"1436","94000","Plains",2020 Q4,1341349.1
"1437","95000","Southeast",2020 Q4,4579080.9
"1438","96000","Southwest",2020 Q4,2497567.5
"1439","97000","Rocky Mountain",2020 Q4,781324.1
"1440","98000","Far West",2020 Q4,4380089.1
