"","...1","Unnamed: 0","year","states","type","average_price","total_volume","type4046","type4225","type4770","total_bags","small_bags","large_bags","xlarge_bags"
"1",0,1,2015,"Albany","conventional",1.17192307692308,3962854.18,53969.48,3211741.19,34777.34,662366.17,644231.6,17997.07,137.5
"2",1,2,2015,"Albany","organic",1.90557692307692,67042.25,1667.41,8085.41,0,57289.43,57240.85,48.58,0
"3",2,3,2015,"Atlanta","conventional",1.05230769230769,22898015.09,18082575.7,1840105.14,39408.62,2935925.63,1862749.4,1072294.07,882.16
"4",3,4,2015,"Atlanta","organic",1.70884615384615,333683.03,97272.38,175345.41,0,61065.24,18744.96,42320.28,0
"5",4,5,2015,"Baltimore","conventional",1.16807692307692,39943357.44,2940393.6,25345911,2345450.61,9311602.23,9073242.93,234884.85,3474.45
"6",5,6,2015,"Baltimore","organic",1.56961538461538,702222.1,253894.78,231463.1,40151.79,176712.43,149249.48,27462.95,0
"7",6,7,2015,"Boise City","conventional",1.05403846153846,3686059.15,2388903.01,528537.73,276072.56,492545.85,472418.82,18415.62,1711.41
"8",7,8,2015,"Boise City","organic",1.69346153846154,98298.19,613.88,72182.67,12.98,25488.66,10298.62,15190.04,0
"9",8,9,2015,"Boston","conventional",1.14403846153846,27236591.83,243669.15,21314866.7,83574.34,5594481.64,5518834.79,75501.02,145.83
"10",9,10,2015,"Boston","organic",1.80307692307692,218399.81,2004.15,51809.16,353.33,164233.17,162115.93,2117.24,0
"11",10,11,2015,"Buffalo","conventional",1.40346153846154,5742221.75,79636.92,2610543.77,35211.13,3016829.93,2996494.38,20202.21,133.34
"12",11,12,2015,"Buffalo","organic",1.68576923076923,151012.85,1501.77,7003.76,0,142507.32,135972.08,6535.24,0
"13",14,15,2015,"Charlotte","conventional",1.14846153846154,9290931.7,1771420.61,2619231.54,2138497.73,2761781.82,2541845.63,219837.58,98.61
"14",15,16,2015,"Charlotte","organic",2.00307692307692,196411.72,14762.03,73904.56,58329.09,49416.04,49341.08,74.96,0
"15",16,17,2015,"Chicago","conventional",1.15365384615385,40321608.17,1802762.13,28242400.81,5690223.68,4586221.55,4390462.31,153117.17,42642.07
"16",17,18,2015,"Chicago","organic",1.65442307692308,1173108.36,41409.31,1098776.22,0,32922.83,30689.45,2233.38,0
"17",18,19,2015,"Cincinnati","conventional",0.977115384615385,11112325.63,232964.63,7445299.18,477197.73,2956864.09,1058309.77,1796300.96,102253.36
"18",19,20,2015,"Cincinnati","organic",1.4275,643850.37,15222.94,543933.84,0,84693.59,25282.2,59411.39,0
"19",20,21,2015,"Columbus","conventional",1.00807692307692,7585219.23,3660255.76,1725608.3,929260.68,1270094.49,971824.54,202581.53,95688.42
"20",21,22,2015,"Columbus","organic",1.53961538461538,264562.89,23519.46,168266.56,23.01,72753.86,20756.94,51996.92,0
"21",22,23,2015,"Dallas","conventional",0.781923076923077,59700612.71,35082289.74,17758391.55,1061376.87,5798554.55,5150474.04,602588.97,45491.54
"22",23,24,2015,"Dallas","organic",1.37384615384615,610695.92,404973.51,29009.64,36.97,176675.8,174558.67,2117.13,0
"23",24,25,2015,"Denver","conventional",1.04865384615385,37304259.12,7052577.92,21308821.27,744269.24,8198590.69,2815257.24,5379988.88,3344.57
"24",25,26,2015,"Denver","organic",1.32692307692308,1886084.3,639150.77,436233.37,2301.39,808398.77,50027.55,758371.22,0
"25",26,27,2015,"Detroit","conventional",1.04711538461538,17534962.57,6525384.43,3217891.25,4019831.43,3771855.46,3236416.77,72738.87,462699.82
"26",27,28,2015,"Detroit","organic",1.62942307692308,444616.77,47461.74,301226.63,0,95928.4,25069.38,70859.02,0
"27",28,29,2015,"Grand Rapids","conventional",1.08692307692308,9658056.47,187624.16,6025461.92,600774.82,2844195.57,2581710.42,178865.68,83619.47
"28",29,30,2015,"Grand Rapids","organic",1.74576923076923,82886.68,22425.25,42147.47,0,18313.96,14750.47,3563.49,0
"29",32,33,2015,"Harrisburg","conventional",1.14576923076923,11485388.92,1840153.52,6215905.47,35383.49,3393946.44,3300798.4,84736.4,8411.64
"30",33,34,2015,"Harrisburg","organic",1.7975,152515.99,4270.26,9935.02,470.24,137840.47,116716.2,21124.27,0
"31",34,35,2015,"Hartford","conventional",1.24288461538462,14980503.62,230725.46,11557573.68,71561.31,3120643.17,2985188.04,135377.35,77.78
"32",35,36,2015,"Hartford","organic",2.25269230769231,181739.37,9291.64,142099.11,2838.75,27509.87,25230.61,2279.26,0
"33",36,37,2015,"Houston","conventional",0.7925,54824004.55,27367716.68,20150920.5,1017544.39,6287822.98,3812896.69,2412942.29,61984
"34",37,38,2015,"Houston","organic",1.30365384615385,563466.82,441501.38,18050.42,0,103915.02,100647.47,3267.55,0
"35",38,39,2015,"Indianapolis","conventional",1.10461538461538,8082615.43,346569.2,4977858.85,586526.58,2171660.8,1252821.21,815935.03,102904.56
"36",39,40,2015,"Indianapolis","organic",1.58134615384615,106446.6,7400.9,56170.49,0,42875.21,21304.37,21570.84,0
"37",40,41,2015,"Jacksonville","conventional",1.12096153846154,7067456.92,4630433.45,726126.35,39603.1,1671294.02,953901.44,717186.14,206.44
"38",41,42,2015,"Jacksonville","organic",1.88519230769231,109019.76,66622.14,2725.61,1136.76,38535.25,38456.06,79.19,0
"39",42,43,2015,"Las Vegas","conventional",0.967115384615385,15160434.2,6429564.14,5897186.29,327041.41,2506642.36,2006195.04,500432.04,15.28
"40",43,44,2015,"Las Vegas","organic",1.77057692307692,381994.46,175841.92,177723.08,0,28429.46,15811.82,12617.64,0
"41",44,45,2015,"Los Angeles","conventional",0.895961538461538,145907711.46,89348938.17,31993391.79,3832814.66,20732566.84,19092675.07,1452176.72,187715.05
"42",45,46,2015,"Los Angeles","organic",1.40903846153846,2312981.52,1009047.54,738940.74,48.93,564944.31,539224.17,25720.14,0
"43",46,47,2015,"Louisville","conventional",1.04326923076923,4197148.38,140670.52,2692194.61,167465.38,1196817.87,608888.06,551807.87,36121.94
"44",47,48,2015,"Louisville","organic",1.54557692307692,91854.79,815.74,57881.05,0,33158,12692.98,20465.02,0
"45",48,49,2015,"Miami","conventional",1.14115384615385,25073032.45,17534651.46,2867135.82,18213.82,4653031.35,2613050.14,2038470.98,1510.23
"46",49,50,2015,"Miami","organic",1.62596153846154,93479.43,38634.54,1319.64,0,53525.25,53414.74,110.51,0
"47",52,53,2015,"Nashville","conventional",1.01019230769231,8363840.97,5377511.58,776733.24,513404.75,1696191.4,1322280.81,366086.48,7824.11
"48",53,54,2015,"Nashville","organic",1.54423076923077,298075.18,19456.52,197919.56,1476.55,79222.55,35304.35,43918.2,0
"49",54,55,2015,"New Orleans","conventional",0.984423076923077,12534699.86,8102064.16,737821.92,123656.43,3571157.35,3287316.35,283398.08,442.92
"50",55,56,2015,"New Orleans","organic",1.55096153846154,129608.08,18305.37,3190.33,0,108112.38,107898.69,213.69,0
"51",56,57,2015,"New York","conventional",1.255,69718104.02,1061823.21,53501303.68,107076.86,15047900.27,12098047.05,2946904.35,2948.87
"52",57,58,2015,"New York","organic",2.03403846153846,889531.89,141364.36,531143.16,24901.26,192123.11,161074.98,31048.13,0
"53",60,61,2015,"Northern New England","conventional",1.11307692307692,19683517.5,152688.85,16008652.19,107577.73,3414598.73,3405624.15,8974.58,0
"54",61,62,2015,"Northern New England","organic",1.83365384615385,411108.88,868.64,30391.77,0,379848.47,379765.14,83.33,0
"55",62,63,2015,"Orlando","conventional",1.1325,14562708.91,9523908.9,1773348.14,8495.1,3256956.77,1869807.08,1386185.94,963.75
"56",63,64,2015,"Orlando","organic",1.86615384615385,156867.18,91272.48,2674.14,0,62920.56,62481.73,438.83,0
"57",64,65,2015,"Philadelphia","conventional",1.28461538461538,20649740.15,863301.89,14133447.87,54212.72,5598777.67,4952742.1,644826.71,1208.86
"58",65,66,2015,"Philadelphia","organic",1.82576923076923,242479.84,20743,87021.59,2359.96,132355.29,105214.33,27140.96,0
"59",66,67,2015,"Phoenix","conventional",0.659807692307692,56612329.14,40269096.79,11145198.66,431159.51,4766874.18,3835100.64,931159.66,613.88
"60",67,68,2015,"Phoenix","organic",1.65442307692308,563956.34,432634.37,75428.85,0,55893.12,41492.04,14401.08,0
"61",68,69,2015,"Pittsburgh","conventional",1.26269230769231,4449085.01,89328.97,2794583.51,97406.99,1467765.54,1024639.34,442680.8,445.4
"62",69,70,2015,"Pittsburgh","organic",1.55173076923077,90914.58,32126.01,5913.2,0,52875.37,39681.84,13193.53,0
"63",72,73,2015,"Portland","conventional",1.05403846153846,26221905.52,8014083.17,11795458.06,900963.53,5511400.76,5381994.87,110977.36,18428.53
"64",73,74,2015,"Portland","organic",1.55961538461538,1721549.83,394459.14,960690.52,377.29,366022.88,46954.84,319068.04,0
"65",74,75,2015,"Raleigh","conventional",1.14057692307692,12503998.57,2948560.07,3635253.32,2312812.62,3607372.56,3471161.95,136010.61,200
"66",75,76,2015,"Raleigh","organic",1.75826923076923,313335.72,5735.6,154011.76,46246.78,107341.58,90300.5,17041.08,0
"67",76,77,2015,"Richmond","conventional",1.04769230769231,11354460.02,3711488.98,4718495.82,604280.95,2320194.27,2233348.1,86347.62,498.55
"68",77,78,2015,"Richmond","organic",1.50134615384615,296618.7,7843.7,166665.09,21938.58,100171.33,59270.9,40900.43,0
"69",78,79,2015,"Roanoke","conventional",1.06211538461538,6371645.33,2611575.97,2230435,9361.51,1520272.85,1482872.45,35995.67,1404.73
"70",79,80,2015,"Roanoke","organic",1.39211538461538,407167.24,5869.81,277761.45,0,123535.98,43224.64,80311.34,0
"71",80,81,2015,"Sacramento","conventional",1.17057692307692,21476497.38,6371151.04,12012025.93,669628.7,2423691.71,2423060.63,245.35,385.73
"72",81,82,2015,"Sacramento","organic",1.7375,504040.5,213510.64,274773.45,0,15756.41,15336.41,420,0
"73",82,83,2015,"San Diego","conventional",0.981346153846154,26014334.44,13506479.02,8844544.27,852356.89,2810954.26,2383660.93,424936.81,2356.52
"74",83,84,2015,"San Diego","organic",1.56711538461538,571391.58,248366.02,275708.4,13.88,47303.28,35325.56,11977.72,0
"75",84,85,2015,"San Francisco","conventional",1.29942307692308,38270024.28,8453654.13,24378607.53,1458940.26,3978822.36,3931493.43,44573.72,2755.21
"76",85,86,2015,"San Francisco","organic",1.94269230769231,1175777.5,557762.45,614286.73,0,3728.32,3664.98,63.34,0
"77",86,87,2015,"Seattle","conventional",1.13442307692308,27191731.18,8448855.27,11757804.44,593099.23,6391972.24,6338095.29,47841.73,6035.22
"78",87,88,2015,"Seattle","organic",1.71,1865368.27,367282.82,1160411.58,2833.62,334840.25,14409.81,320430.44,0
"79",88,89,2015,"South Carolina","conventional",1.06557692307692,16043049.3,8717241.64,2888862.3,843754.81,3593190.55,3047050.93,545657.07,482.55
"80",89,90,2015,"South Carolina","organic",1.84384615384615,202817.36,30308.65,76340.55,26767.63,69400.53,61697.79,7702.74,0
"81",94,95,2015,"Spokane","conventional",1.09538461538462,4006951.63,1549665.38,1611389.57,160714.35,685182.33,677992.03,7050.58,139.72
"82",95,96,2015,"Spokane","organic",1.70538461538462,174735.54,35492.28,120844.4,48.43,18350.43,1471.82,16878.61,0
"83",96,97,2015,"St. Louis","conventional",1.20326923076923,9696862.73,4872008.98,1898283.98,3136.83,2923432.94,2809545.62,113391.31,496.01
"84",97,98,2015,"St. Louis","organic",1.80346153846154,205712.51,82187.33,78456.12,732.06,44337,9668.04,34668.96,0
"85",98,99,2015,"Syracuse","conventional",1.33634615384615,2662173.2,46579.32,1553185.13,18726.65,1043682.1,1035803.54,7878.56,0
"86",99,100,2015,"Syracuse","organic",1.72173076923077,72160.06,157.43,4978.03,0,67024.6,65566.11,1458.49,0
"87",100,101,2015,"Tampa","conventional",1.08673076923077,17030626.67,10180231.73,2265525.53,7879.01,4576990.4,2788865.93,1786862.68,1261.79
"88",101,102,2015,"Tampa","organic",1.62653846153846,100971.18,37191.11,573.63,0,63206.44,63136.9,69.54,0
"89",102,103,2015,"Total U.S.","conventional",1.0125,1623685915.93,642295766.09,646812347.62,53298869.52,281278932.7,232532256.58,46688932.92,2057743.2
"90",103,104,2015,"Total U.S.","organic",1.50230769230769,33569305.49,9612079.97,14376136.76,310541.23,9270534.53,5896901.23,3373630.3,0
"91",106,107,2015,"West Tex","conventional",0.771538461538462,41053747.12,26575603.55,8209582.37,869244.8,5399316.4,4682858.49,678977.91,37480
"92",107,108,2015,"West Tex","organic",1.75666666666667,470250.99,151289.63,189998.32,199.1,128763.94,109799.96,18963.98,0
"93",108,109,2016,"Albany","conventional",1.34576923076923,5171564.06,280686.14,4128427.55,3359.23,759091.14,714231.33,23166.87,21692.94
"94",109,110,2016,"Albany","organic",1.72211538461538,92771.53,1972.58,11590.18,0,79208.77,79185.31,23.46,0
"95",110,111,2016,"Atlanta","conventional",0.972884615384615,27754809.45,13495399.12,4521854.16,22254.55,9715301.62,5401789.1,4279087.31,34425.21
"96",111,112,2016,"Atlanta","organic",1.45538461538462,572068.85,99662,210971.89,0,261434.96,44617.38,216817.58,0
"97",112,113,2016,"Baltimore","conventional",1.35653846153846,39942775.72,3564771.47,25089879.77,1359741.68,9928382.8,9666255.44,176092.56,86034.8
"98",113,114,2016,"Baltimore","organic",1.81865384615385,951026.6,46628.71,457152.41,19848.95,427396.53,333939.74,93456.79,0
"99",114,115,2016,"Boise City","conventional",0.878269230769231,4517343.28,1823970.07,235712.6,248388.02,2209272.59,2155068.55,49351.12,4852.92
"100",115,116,2016,"Boise City","organic",1.40557692307692,136166.25,393.84,48671.3,0,87101.11,22121.78,64979.33,0
"101",116,117,2016,"Boston","conventional",1.26307692307692,29961313.68,593934.7,21644444.96,1359828.83,6363105.19,6296783.88,30001.04,36320.27
"102",117,118,2016,"Boston","organic",1.58923076923077,610001.39,879.73,39928.01,2.44,569191.21,533087.42,36103.79,0
"103",118,119,2016,"Buffalo","conventional",1.33019230769231,6986660.62,84980.53,3487866.78,9699.76,3404113.55,3350720.36,18181.53,35211.66
"104",119,120,2016,"Buffalo","organic",1.6375,218451.39,1110.69,13943.5,0,203397.2,116212.24,87184.96,0
"105",122,123,2016,"Charlotte","conventional",1.25596153846154,10244802.07,2156963.07,3921083.17,1199032.9,2967722.93,2572870.49,373327.45,21524.99
"106",123,124,2016,"Charlotte","organic",1.73980769230769,341918.93,15754.35,155935.97,37903.29,132325.32,126354.82,5970.5,0
"107",124,125,2016,"Chicago","conventional",1.33115384615385,37981864.48,2755288.69,23843512.14,6252429.03,5130634.62,4739510.03,243119.45,148005.14
"108",125,126,2016,"Chicago","organic",1.76346153846154,1630771.54,13431.49,1523595.16,0,93744.89,93736.01,8.88,0
"109",126,127,2016,"Cincinnati","conventional",0.948846153846154,13155099.88,202127.65,6720554.17,429267.47,5803150.59,1135164.29,4551053.15,116933.15
"110",127,128,2016,"Cincinnati","organic",1.22788461538462,865766.5,23113.58,431269.11,0,411383.81,43185.62,368198.19,0
"111",128,129,2016,"Columbus","conventional",1.04923076923077,8638004.07,3783196.98,1755477.99,609289.02,2490040.08,2030296.98,354649.76,105093.34
"112",129,130,2016,"Columbus","organic",1.32346153846154,421462.46,29724.97,186416.28,271.3,205049.91,52926.3,152123.61,0
"113",130,131,2016,"Dallas","conventional",0.827307692307692,62397618.97,31632231.79,13304983.95,2592892.11,14867511.12,14051487.09,599287.99,216736.04
"114",131,132,2016,"Dallas","organic",1.165,1297630.91,465395.08,28157.74,1.42,804076.67,701841.3,102235.37,0
"115",132,133,2016,"Denver","conventional",0.958653846153846,43312416.43,7381527.96,13388439.82,1013783.6,21528665.05,5274870.19,16218418.42,35376.44
"116",133,134,2016,"Denver","organic",1.22769230769231,1995345.62,681847.75,235957.33,2335.09,1075205.45,543026.37,532179.08,0
"117",134,135,2016,"Detroit","conventional",1.09211538461538,18028896.47,5895014.66,3110989.06,2751731.33,6271161.42,5248861.26,447180.35,575119.81
"118",135,136,2016,"Detroit","organic",1.25269230769231,878562.03,50891.75,388056.83,0,439613.45,50413.94,389199.51,0
"119",136,137,2016,"Grand Rapids","conventional",1.29403846153846,9042603.92,113862.23,5708143.78,471609.14,2748988.77,2383361.34,246802.71,118824.72
"120",137,138,2016,"Grand Rapids","organic",1.72461538461538,104267.87,21827.76,58662.37,0,23777.74,22320.68,1457.06,0
"121",140,141,2016,"Harrisburg","conventional",1.2325,12756745.32,2207556.94,6454006.49,13736.85,4081445.04,3909045.32,98271.32,74128.4
"122",141,142,2016,"Harrisburg","organic",1.79076923076923,368078.63,10926.04,11017.96,3575.18,342559.45,276691.17,65868.28,0
"123",142,143,2016,"Hartford","conventional",1.40903846153846,15314508.78,396406.91,11470302.69,28153.95,3419645.23,3326651.75,60200.71,32792.77
"124",143,144,2016,"Hartford","organic",2.29307692307692,383441.02,6717.76,185370.65,277.88,191074.73,186019.61,5055.12,0
"125",144,145,2016,"Houston","conventional",0.830769230769231,57456716.24,28931495.33,13676714.8,3713989.3,11134516.81,5748503.79,5134631.63,251381.39
"126",145,146,2016,"Houston","organic",1.15307692307692,1248070.19,538233.02,2981.22,7.39,706848.56,660463.5,46385.06,0
"127",146,147,2016,"Indianapolis","conventional",1.11807692307692,8974886.68,654457.38,4498841.79,585618.8,3235968.71,1792835.7,1311485.56,131647.45
"128",147,148,2016,"Indianapolis","organic",1.485,189566.82,12939.51,75716.92,51.4,100858.99,48213.47,52645.52,0
"129",148,149,2016,"Jacksonville","conventional",1.05980769230769,9530662.87,4334082.07,1657056.02,18313.95,3521210.83,1238758.85,2226474.98,55977
"130",149,150,2016,"Jacksonville","organic",1.67557692307692,181173.24,82422.42,5560.43,664.77,92525.62,57505.8,35019.82,0
"131",150,151,2016,"Las Vegas","conventional",0.956730769230769,16370471.72,6427828.03,4006257.1,428289.06,5508097.53,2771525.07,2731908.58,4663.88
"132",151,152,2016,"Las Vegas","organic",1.74807692307692,536541.84,134147.42,241879.11,0,160515.31,96396.5,64118.81,0
"133",152,153,2016,"Los Angeles","conventional",0.890192307692308,158251222.1,55112114.73,34164915.25,4200040.1,64774152.02,58326243.98,5280730.18,1167177.86
"134",153,154,2016,"Los Angeles","organic",1.27730769230769,4891080.72,622895.72,1444169.18,557.43,2823458.39,2579417.9,244040.49,0
"135",154,155,2016,"Louisville","conventional",1.05673076923077,4938371.74,112362.72,2879845.88,155256.32,1790906.82,686485.67,1048772.88,55648.27
"136",155,156,2016,"Louisville","organic",1.36634615384615,137957.04,415.64,72526.99,0,65014.41,12865.25,52149.16,0
"137",156,157,2016,"Miami","conventional",1.15711538461538,31679022.82,15989643.86,6793817.58,14327.49,8881233.89,3450278.28,5249475.04,181480.57
"138",157,158,2016,"Miami","organic",1.4025,206037.67,36138.28,1276.83,0,168622.56,163498.64,5123.92,0
"139",160,161,2016,"Nashville","conventional",0.984423076923077,9963541.26,5068915.52,1243436.83,118943.53,3532245.38,2639970.11,872938.14,19337.13
"140",161,162,2016,"Nashville","organic",1.24788461538462,535633.64,33580.42,236326.34,0,265726.88,59559.4,206167.48,0
"141",162,163,2016,"New Orleans","conventional",1.02423076923077,14463529.4,7962617.94,1850910.76,29571.28,4620429.42,3558847.54,844646.06,216935.82
"142",163,164,2016,"New Orleans","organic",1.47307692307692,176836.68,23355.49,332.33,0,153148.86,139458.92,13689.94,0
"143",164,165,2016,"New York","conventional",1.38596153846154,69731496.15,1332415.26,47765467.51,636058.35,19997555.03,17416113.83,2513260.67,68180.53
"144",165,166,2016,"New York","organic",2.13807692307692,1815066.99,241889.03,773620.5,73302.99,726254.47,628833.48,97420.99,0
"145",168,169,2016,"Northern New England","conventional",1.22653846153846,21596688.55,1625244.5,15262593.82,972514.91,3736335.32,3670478.94,11176.38,54680
"146",169,170,2016,"Northern New England","organic",1.55884615384615,545119.45,253.27,12338.5,0,532527.68,532515.27,12.41,0
"147",170,171,2016,"Orlando","conventional",1.10942307692308,18919237.07,8888427.23,3850834.52,9466.93,6170508.39,2677233.11,3346148,147127.28
"148",171,172,2016,"Orlando","organic",1.63211538461538,295549.73,116549.99,6402.53,0,172597.21,132922.74,39674.47,0
"149",172,173,2016,"Philadelphia","conventional",1.37692307692308,21586466.91,969563.19,12768472.81,335019.66,7513411.25,6962771.68,506525,44114.57
"150",173,174,2016,"Philadelphia","organic",1.97269230769231,521629.51,46377.93,180071.81,688.7,294491.07,210576.21,83914.86,0
"151",174,175,2016,"Phoenix","conventional",0.724230769230769,58689329.15,34007649.43,12342609.33,888074.14,11450996.25,5711758.63,5724108.03,15129.59
"152",175,176,2016,"Phoenix","organic",1.79326923076923,594358.08,259424.22,191670.03,0,143263.83,86969.2,56294.63,0
"153",176,177,2016,"Pittsburgh","conventional",1.23826923076923,5275553.61,526060.51,2699608.42,73795.96,1976088.72,1458197.43,483300.61,34590.68
"154",177,178,2016,"Pittsburgh","organic",1.44846153846154,240644.23,29017.64,8443.47,272.81,202910.31,193912.14,8998.17,0
"155",180,181,2016,"Portland","conventional",0.916538461538462,35625106.9,5892872.05,9576293.94,886687.55,19269253.36,18729269.87,518102.4,21881.09
"156",181,182,2016,"Portland","organic",1.46673076923077,1686404.98,170452.04,648646.51,298.26,867008.17,68289.06,798719.11,0
"157",182,183,2016,"Raleigh","conventional",1.19826923076923,14086747.5,3440792.23,5456165.05,1193930.81,3995859.41,3849650.18,94452.57,51756.66
"158",183,184,2016,"Raleigh","organic",1.69730769230769,481106.79,11347.45,202252.74,27206.18,240300.42,209952.37,30348.05,0
"159",184,185,2016,"Richmond","conventional",1.07538461538462,12512911.53,4051114.55,4865326.53,373567.41,3222903.04,3121864.54,45601.08,55437.42
"160",185,186,2016,"Richmond","organic",1.34692307692308,425114.19,10340.83,183196,15070.03,216507.33,114438.82,102068.51,0
"161",186,187,2016,"Roanoke","conventional",1.04326923076923,7257756.18,2302615.89,2349648.36,7837.96,2597653.97,2449214.41,106043.73,42395.83
"162",187,188,2016,"Roanoke","organic",1.25173076923077,429060.35,5498.83,181210.66,0,242350.86,72812.56,169538.3,0
"163",188,189,2016,"Sacramento","conventional",1.24288461538462,22737969.27,7119216.75,12077246.52,705385.6,2836120.4,2785058,20924.77,30137.63
"164",189,190,2016,"Sacramento","organic",2.09346153846154,385061.11,80566.72,285160.68,45.2,19288.51,19125.49,163.02,0
"165",190,191,2016,"San Diego","conventional",0.969038461538462,28540085.86,8898338.95,8507221.01,1040278.21,10094247.69,8081169.06,1986121.56,26957.07
"166",191,192,2016,"San Diego","organic",1.65846153846154,797965.01,87319.3,459684.31,140.79,250820.61,170569.93,80250.68,0
"167",192,193,2016,"San Francisco","conventional",1.40846153846154,40291723.33,10444257.91,23872737.95,1768444.67,4206282.8,4090051.39,76962.67,39268.74
"168",193,194,2016,"San Francisco","organic",2.35403846153846,1237904.51,108228.48,1027586.61,31.54,102057.88,101016.15,1041.73,0
"169",194,195,2016,"Seattle","conventional",1.02711538461538,35095440.97,4930784.66,9867360.77,318996.43,19978299.11,19279935.4,674393.51,23970.2
"170",195,196,2016,"Seattle","organic",1.57346153846154,2092977.45,75449.15,975501.13,2102.9,1039924.27,104755.83,935168.44,0
"171",196,197,2016,"South Carolina","conventional",1.085,18241399.26,8263704.58,4332603.38,475244.52,5169846.78,3464192.13,1681086.99,24567.66
"172",197,198,2016,"South Carolina","organic",1.525,461458.74,37817.53,140434.5,18899.37,264307.34,213055.99,51251.35,0
"173",202,203,2016,"Spokane","conventional",1.0275,4848865.55,1117269.42,1198281.09,103139.62,2430175.42,2336704.71,90675.57,2795.14
"174",203,204,2016,"Spokane","organic",1.63961538461538,157300.99,10307.62,76930.2,293.94,69769.23,4354.08,65415.15,0
"175",204,205,2016,"St. Louis","conventional",0.993653846153846,10240062.56,3290774.93,902105.32,5974.7,6041207.61,4720391.7,1166631.22,154184.69
"176",205,206,2016,"St. Louis","organic",1.37730769230769,404413.04,92453.98,56802.65,267.57,254888.84,53812.88,201075.96,0
"177",206,207,2016,"Syracuse","conventional",1.37211538461538,3320257.27,81223.85,2063057.33,4539.45,1171436.64,1140923.34,9114.41,21398.89
"178",207,208,2016,"Syracuse","organic",1.63480769230769,109111.47,215.78,6869.23,0,102026.46,69219.59,32806.87,0
"179",208,209,2016,"Tampa","conventional",1.09826923076923,21435625.27,9232378.57,4971193.07,5051.72,7227001.91,3551003.98,3529293.22,146704.71
"180",209,210,2016,"Tampa","organic",1.43076923076923,245124.09,50193.82,3192.33,0,191737.94,158691.64,33046.3,0
"181",210,211,2016,"Total U.S.","conventional",1.04673076923077,1770259388.99,582012082.67,608520950.59,59997261.72,519729094.01,395055865.85,117147952.13,7525276.03
"182",211,212,2016,"Total U.S.","organic",1.48038461538462,48899753.79,6934600.28,17116658.7,429758.73,24418736.08,15792332.92,8626403.16,0
"183",214,215,2016,"West Tex","conventional",0.846538461538462,42862860.05,25316596.39,5336951.54,1338456.05,10870856.07,6347663.19,4288060.38,235132.5
"184",215,216,2016,"West Tex","organic",1.64673076923077,944571.55,148679.41,342335.61,49675.45,403881.08,294897.9,108983.18,0
"185",216,217,2017,"Albany","conventional",1.52641509433962,5076262.79,163695.97,4196949.49,16056.16,699561.17,388024.75,292874.25,18663.17
"186",217,218,2017,"Albany","organic",1.74924528301887,155318.99,6806.21,12568.35,0,135944.43,135934.44,9.99,0
"187",218,219,2017,"Atlanta","conventional",1.19245283018868,27973126.65,13833907.75,2952433.43,23925.97,11162860.5,7258208.45,3699804.33,204846.72
"188",219,220,2017,"Atlanta","organic",1.66509433962264,841993.33,46000.79,291685.87,0,504306.67,175801.46,328505.21,0
"189",220,221,2017,"Baltimore","conventional",1.51471698113208,39312542.7,3847456.61,24611122.26,381752.26,10472211.57,9970850.93,388703.52,112656.12
"190",221,222,2017,"Baltimore","organic",1.84415094339623,1703091.76,73689.77,467951.33,9529.57,1151921.09,1151367.05,554.04,0
"191",222,223,2017,"Boise City","conventional",1.26811320754717,4614182.35,2005952.69,196570.33,430802.99,1980857.34,1729908.94,248398.02,2548.38
"192",223,224,2017,"Boise City","organic",1.71716981132075,146378.96,2155.04,30581.99,0,113641.93,21531.02,92097.2,13.71
"193",224,225,2017,"Boston","conventional",1.49528301886792,29423450.99,618336.64,22683231.94,201953.99,5919928.42,4991299.96,890278.12,38348.34
"194",225,226,2017,"Boston","organic",1.86377358490566,1187221.17,1799.44,74839.12,55.43,1110527.18,1023634.18,86893,0
"195",226,227,2017,"Buffalo","conventional",1.44339622641509,7350424.16,273459.05,3616027.37,3043.76,3457891.98,3075357.01,341553.48,40982.49
"196",227,228,2017,"Buffalo","organic",1.73207547169811,389881.59,4787.79,19010.41,0,366083.39,206852.9,159230.49,0
"197",230,231,2017,"Charlotte","conventional",1.42396226415094,11412821.03,2770036.56,4260447.22,392534.75,3989802.5,3638035.43,303790.41,47976.66
"198",231,232,2017,"Charlotte","organic",2.11566037735849,482769.37,6683.74,245368.82,18672.44,212044.37,202465.64,9578.73,0
"199",232,233,2017,"Chicago","conventional",1.60622641509434,38969126.43,4820138.37,22987723.53,6297647.51,4863617.02,3978840.59,704559.07,180217.36
"200",233,234,2017,"Chicago","organic",1.82339622641509,2011627.92,10215.93,1674208.01,0,327176.01,326948.3,227.71,0
"201",234,235,2017,"Cincinnati","conventional",1.13207547169811,14221205.17,400348.56,4779709.49,105565.02,8935581.1,1582145.3,7340367.5,13069.3
"202",235,236,2017,"Cincinnati","organic",1.50679245283019,925472.73,14544.58,262485.92,0,647722.84,106016.5,541706.34,0
"203",236,237,2017,"Columbus","conventional",1.16283018867925,9688324.81,4169748.85,1376823.45,96630.53,4045122.98,3640106.42,394158.06,10859.5
"204",237,238,2017,"Columbus","organic",1.46849056603774,551887.96,32217.12,128485.37,1.15,391092.08,186087.73,205004.35,0
"205",238,239,2017,"Dallas","conventional",0.937924528301887,64967396.2,33744358,13030866.68,496196.67,17695976.85,14883034.79,2787519.21,25420.85
"206",239,240,2017,"Dallas","organic",1.41603773584906,1273586.51,373197.18,53496.55,0,846892.78,832632.08,14260.7,0
"207",240,241,2017,"Denver","conventional",1.21811320754717,40706656.01,7849504.28,12146942.55,772540.4,19937670.78,7477021.42,12446949.54,13700.82
"208",241,242,2017,"Denver","organic",1.49735849056604,1852421.11,556346.1,100204.05,3127.6,1192743.36,929122.48,263618.37,2.51
"209",242,243,2017,"Detroit","conventional",1.24849056603774,19471915.7,5023760.57,3315166.41,1420517.39,9712474.33,8550820.83,698333.88,463318.62
"210",243,244,2017,"Detroit","organic",1.42962264150943,1040508.49,30223.1,221642.45,1.42,786975.41,342419.63,444555.78,0
"211",244,245,2017,"Grand Rapids","conventional",1.57490566037736,8482517.48,109574.37,4253283.85,1533115.1,2586546.16,1857463.82,304670.74,424410.6
"212",245,246,2017,"Grand Rapids","organic",1.68056603773585,271940.18,1863.55,78931.77,0,191130.2,188768.27,2361.93,0
"213",248,249,2017,"Harrisburg","conventional",1.40830188679245,12413931.23,2460278.2,6337213.41,17354.03,3599084.59,3289392.73,252381.29,57312.57
"214",249,250,2017,"Harrisburg","organic",1.78320754716981,730386.75,23988.76,17141.03,1889.88,687367.08,686912.74,454.34,0
"215",250,251,2017,"Hartford","conventional",1.57471698113208,14531075.85,516443.59,10786782.3,63553.79,3164297.17,2918325.88,210656.54,35312.75
"216",251,252,2017,"Hartford","organic",2.20188679245283,791528.17,9915.62,313879.72,397.11,467335.72,463401.37,3934.35,0
"217",252,253,2017,"Houston","conventional",0.875660377358491,67310150.98,32882784.15,11696249.79,649308.75,22081807.29,13705420.85,8372365.73,4020.71
"218",253,254,2017,"Houston","organic",1.33245283018868,1782941.91,498024.65,5929.73,1.99,1278985.54,1222158.41,56827.13,0
"219",254,255,2017,"Indianapolis","conventional",1.24679245283019,9616102.33,668575.35,4107726.67,114067.44,4725731.87,2177151.04,2522057.48,26523.35
"220",255,256,2017,"Indianapolis","organic",1.41471698113208,385098.77,8677.4,74187.33,0,300843.99,150383.75,150460.24,0
"221",256,257,2017,"Jacksonville","conventional",1.39641509433962,9012489.87,4841348.69,937365.43,8038.99,3225735.76,1470866.75,1707780.13,47087.88
"222",257,258,2017,"Jacksonville","organic",1.94660377358491,180797.74,27638.57,29768.75,244.18,123146.24,74829.77,48316.47,0
"223",258,259,2017,"Las Vegas","conventional",1.10339622641509,16862583.01,5606162.79,3460863.87,338098.47,7457457.88,2780083.08,4671289.7,6084.1
"224",259,260,2017,"Las Vegas","organic",1.7322641509434,571249.67,84601.96,148551.22,15.8,338080.69,301716.98,36363.71,0
"225",260,261,2017,"Los Angeles","conventional",1.12962264150943,153530501.07,61658771.79,26121674.57,4629405.01,61120648.7,57947665.39,1026606.57,2146377.74
"226",261,262,2017,"Los Angeles","organic",1.62509433962264,4950673.17,600718.66,1402226.64,92.15,2947635.72,2803514.26,144121.46,0
"227",262,263,2017,"Louisville","conventional",1.22660377358491,5044164.04,166484.55,2239818.42,12817.91,2625045.16,958243.43,1656967.44,9834.29
"228",263,264,2017,"Louisville","organic",1.48754716981132,215945.4,141.99,64136.63,0,151666.78,42242.33,109424.45,0
"229",264,265,2017,"Miami","conventional",1.46509433962264,30625904.95,18912947.33,4396047.04,47671.09,7269240.49,3466465.92,3681744.71,121028.86
"230",265,266,2017,"Miami","organic",1.81,254326.08,20026.93,15412.83,0,218886.32,187914.3,30972.02,0
"231",268,269,2017,"Nashville","conventional",1.05566037735849,12499006.59,6096289.97,1038587.23,7133.22,5356996.17,4583549.3,710145.03,63302.84
"232",269,270,2017,"Nashville","organic",1.42433962264151,439638.24,11146.17,136554.46,0,291937.61,76765.75,215171.86,0
"233",270,271,2017,"New Orleans","conventional",1.25792452830189,14095484.38,8297478.6,1506260.4,26931.35,4264814.03,3414599.1,561694.77,288522.16
"234",271,272,2017,"New Orleans","organic",1.58018867924528,231017.51,11437.24,5806.18,0,213774.09,196665.37,17108.72,0
"235",272,273,2017,"New York","conventional",1.57320754716981,70232226.16,3103570.54,43993127.33,861112.8,22274416.49,18763288.58,3240097.78,271031.13
"236",273,274,2017,"New York","organic",2.04660377358491,4618447.15,599671.34,1924935.13,27542.98,2066297.7,2054714.75,11582.95,0
"237",276,277,2017,"Northern New England","conventional",1.42962264150943,21724892.61,624236.76,17159611.51,209544.05,3731502.29,1703739.17,1978416.27,49345.85
"238",277,278,2017,"Northern New England","organic",1.72471698113208,935398.57,1249.48,14099.5,0,920049.59,908907.13,11142.46,0
"239",278,279,2017,"Orlando","conventional",1.40132075471698,18487596.36,10980418.35,2266791.21,14310.34,5226077.46,2951420.23,2181314.67,93341.56
"240",279,280,2017,"Orlando","organic",1.95905660377358,323805.67,47517.68,48138.54,0,228149.45,176565.67,51583.78,0
"241",280,281,2017,"Philadelphia","conventional",1.54735849056604,21081655.18,1800021.45,11889929.7,202827.92,7188877.11,6301938.95,840332.54,46604.62
"242",281,282,2017,"Philadelphia","organic",1.86716981132075,1189589.67,155009.91,336525.36,481.94,697572.46,694921.96,2650.5,0
"243",282,283,2017,"Phoenix","conventional",0.809622641509434,60476062.21,30794817.9,11849655.28,665417.2,17166170.83,9500575.18,7592768.05,72828.6
"244",283,284,2017,"Phoenix","organic",1.73547169811321,694472.05,184084.38,174114.45,3.49,336269.73,308834.45,27435.28,0
"245",284,285,2017,"Pittsburgh","conventional",1.27094339622642,6365600.34,2628339.49,1535914.7,95580.46,2105765.69,1645036.99,438656.44,22072.26
"246",285,286,2017,"Pittsburgh","organic",1.45490566037736,483028.32,47144.23,1089.49,3.4,434791.2,424084.23,10706.97,0
"247",288,289,2017,"Portland","conventional",1.15150943396226,35129930.46,7581464.14,8555895.69,865213.12,18127356.51,15475973.55,2626202.84,25179.12
"248",289,290,2017,"Portland","organic",1.71716981132075,1769523.45,176110.47,259788.28,735.66,1332889.04,59380.22,1272930.1,578.72
"249",290,291,2017,"Raleigh","conventional",1.3477358490566,15450176.78,4227184.04,5519772.29,367484.71,5335732.74,5145427.92,147214.49,43090.33
"250",291,292,2017,"Raleigh","organic",2.18962264150943,578471.02,10546.37,257357.4,13185.2,297382.05,271370.27,26011.78,0
"251",292,293,2017,"Richmond","conventional",1.24339622641509,13023942.5,3701900.82,4724604.26,124963.08,4472473.34,4252967.55,158111.78,61393.01
"252",293,294,2017,"Richmond","organic",1.55509433962264,622981.45,29863.87,188247.54,7139.66,397730.38,309136.93,88593.45,0
"253",294,295,2017,"Roanoke","conventional",1.20245283018868,7634560.29,1910894.75,2242907.27,6487.86,3474264.41,3215674.86,227703.83,30884.72
"254",295,296,2017,"Roanoke","organic",1.51415094339623,451051.52,14083.59,121366.49,0,315601.44,177792.95,137808.49,0
"255",296,297,2017,"Sacramento","conventional",1.43264150943396,22837660.9,7491856.05,12587976.19,165877.36,2591952.3,2447884.44,36641.52,107425.34
"256",297,298,2017,"Sacramento","organic",2.11547169811321,354767.94,112551.4,167410.5,25.56,74780.48,74602.92,177.56,0
"257",298,299,2017,"San Diego","conventional",1.2177358490566,26403980.2,9068882.98,8539879.71,1003195.81,7792020.7,7415418.78,290049.41,86552.51
"258",299,300,2017,"San Diego","organic",1.95132075471698,790312.11,68489.39,475870.47,29.48,245922.77,195999.85,49922.92,0
"259",300,301,2017,"San Francisco","conventional",1.52867924528302,40825129.7,10695341.26,25107115.4,390708.21,4631964.83,4451600.91,49274.17,131089.75
"260",301,302,2017,"San Francisco","organic",2.40320754716981,1046373.19,458478.55,454996.33,66.95,132831.36,132439.92,391.44,0
"261",302,303,2017,"Seattle","conventional",1.3088679245283,32566590.82,6234925.85,9157009.72,86516.08,17088140.17,14838658.95,2220574.01,28907.21
"262",303,304,2017,"Seattle","organic",1.88981132075472,2460974.92,63564.5,757385.93,1058.63,1638965.86,91962.59,1546099.61,903.66
"263",304,305,2017,"South Carolina","conventional",1.28547169811321,19328778.26,8769883.3,4032248.93,140072.92,6386574.11,4568698.01,1653515.7,164360.4
"264",305,306,2017,"South Carolina","organic",1.67415094339623,640188.64,18494.05,207624.59,7676.66,406393.34,328041.78,78351.56,0
"265",310,311,2017,"Spokane","conventional",1.21150943396226,4951921.42,1082675.66,1490790.35,9605.06,2368850.35,2039737.35,326037.14,3075.86
"266",311,312,2017,"Spokane","organic",1.99754716981132,199606.88,11553.06,68847.99,248.8,118957.03,14488.07,104395.48,73.48
"267",312,313,2017,"St. Louis","conventional",1.35735849056604,8611733.28,3940634.59,669438.16,10751.39,3990908.14,3259735.81,674766.32,56406.01
"268",313,314,2017,"St. Louis","organic",1.82622641509434,376389.22,45372.15,74147.26,139.77,256730.04,96767.82,159962.22,0
"269",314,315,2017,"Syracuse","conventional",1.48018867924528,3530832.24,122574.88,2187571.3,3848.53,1216837.53,1026280.63,170195.96,20361.94
"270",315,316,2017,"Syracuse","organic",1.69867924528302,201145.78,1501.41,7178.87,0,192465.5,125955.69,66509.81,0
"271",316,317,2017,"Tampa","conventional",1.41396226415094,20280956.71,12024440.05,2914995.82,11767.05,5329754.79,2763311.23,2480430.33,86012.23
"272",317,318,2017,"Tampa","organic",1.82471698113208,269180.39,28208.71,20722.07,0,220249.61,184640.36,35609.25,0
"273",318,319,2017,"Total U.S.","conventional",1.22169811320755,1801769881.21,629495144.57,560752227.2,33449030.38,578073467.06,429067088.8,139919495.04,9086883.22
"274",319,320,2017,"Total U.S.","organic",1.65150943396226,62923682.17,6882024.42,16282228.69,157027.96,39591068.77,28953982.79,10635129.47,1956.51
"275",322,323,2017,"West Tex","conventional",0.903584905660377,46470457.9,26120631.73,5569858.06,584935.67,14195031.44,6200947.63,7978581.47,15501.34
"276",323,324,2017,"West Tex","organic",1.6743137254902,919131.39,110910.95,199928.05,6140.15,602152.24,542490.16,59633.25,28.83
"277",324,325,2018,"Albany","conventional",1.32387755102041,6099075.4,486528.12,4673771.13,4819.64,933956.51,689733.88,228901.27,15321.36
"278",325,326,2018,"Albany","organic",1.57530612244898,174617.28,10951.9,18445.07,0,145220.31,145010.35,209.96,0
"279",326,327,2018,"Atlanta","conventional",0.992448979591837,33797385.59,15413691.5,1912200.19,83442.63,16388051.27,10968977.43,5245637.59,173436.25
"280",327,328,2018,"Atlanta","organic",1.57265306122449,966965.3,14706.22,253806.05,0,698453.03,410196.18,288256.85,0
"281",328,329,2018,"Baltimore","conventional",1.33510204081633,44881711.79,4773841.22,26450058.01,419530.02,13238282.54,12564867.51,599355.07,74059.96
"282",329,330,2018,"Baltimore","organic",1.45897959183673,2248674.94,63445.44,306858.23,3041.67,1875329.6,1862934.5,12395.1,0
"283",330,331,2018,"Boise City","conventional",1.23918367346939,4683220.48,2012980.1,209680.63,508002.04,1952557.71,1060955.75,887671.78,3930.18
"284",331,332,2018,"Boise City","organic",1.83775510204082,155694.08,989.5,48451.1,0,106253.48,38936.52,67124.98,191.98
"285",332,333,2018,"Boston","conventional",1.33326530612245,34440457.5,940386.76,27075619.72,96482.06,6327968.96,5187622.53,1092707.6,47638.83
"286",333,334,2018,"Boston","organic",1.65959183673469,1655580.91,6339.48,118661.1,7.33,1530573,1177433.13,353139.87,0
"287",334,335,2018,"Buffalo","conventional",1.18755102040816,8475428.61,545970.13,3709461.59,9410.54,4210586.35,2339692.85,1842803.49,28090.01
"288",335,336,2018,"Buffalo","organic",1.17183673469388,858904.9,20249.4,7054.21,0,831601.29,439576.68,392024.61,0
"289",338,339,2018,"Charlotte","conventional",1.23510204081633,13447153.18,3842757.52,3839270.17,290266.03,5474859.46,4876525.8,595733.69,2599.97
"290",339,340,2018,"Charlotte","organic",1.84081632653061,661474.04,1704.65,279141.03,7558.15,373070.21,356418.73,16651.48,0
"291",340,341,2018,"Chicago","conventional",1.37571428571429,40705284,5657229.48,21763563.96,5938282.89,7346207.67,5838340.52,1444091.73,63775.42
"292",341,342,2018,"Chicago","organic",1.67061224489796,2099221.79,16548,1078290.68,0,1004383.11,950641.17,53741.94,0
"293",342,343,2018,"Cincinnati","conventional",1.01326530612245,14568121.75,3463821.24,1465154.89,691130.85,8948014.77,7779538.27,1062362.57,106113.93
"294",343,344,2018,"Cincinnati","organic",1.63326530612245,783193.79,31814.22,240064.76,0,511314.81,218746.67,292568.14,0
"295",344,345,2018,"Columbus","conventional",0.994489795918367,11108989.66,3163864.24,1364714.35,187992.4,6392418.67,4947845.27,1402941.18,41632.22
"296",345,346,2018,"Columbus","organic",1.40979591836735,698049.13,28300.86,95195.87,1.19,444216.6,299380.38,144836.22,0
"297",346,347,2018,"Dallas","conventional",0.813673469387755,72009798.55,33318706.11,12099737.85,374228.83,26217125.76,19032310.17,6787921.35,396894.24
"298",347,348,2018,"Dallas","organic",1.41061224489796,1447564.47,270679.84,35017.25,0,1141867.38,981948.14,159919.24,0
"299",348,349,2018,"Denver","conventional",1.10714285714286,44385575.47,7997831.26,11554476.59,814900.71,24018366.91,6961477.38,17056333.52,556.01
"300",349,350,2018,"Denver","organic",1.52489795918367,1884700.47,504630.59,61682.49,3676.07,1314711.32,1099689.93,215003.22,18.17
"301",350,351,2018,"Detroit","conventional",1.0730612244898,23776048.07,5161427.88,3331616.77,2776562.72,12506440.7,10335763.14,1564189.93,606487.63
"302",351,352,2018,"Detroit","organic",1.3530612244898,1431794.9,35480.3,186197.96,1.41,809758.65,581586.43,228172.22,0
"303",352,353,2018,"Grand Rapids","conventional",1.40571428571429,9442815.06,168943.61,3835274.96,2826268.89,2612327.6,1640372.21,206476.89,765478.5
"304",353,354,2018,"Grand Rapids","organic",1.27591836734694,530217.79,1741.11,93729.83,0,434746.85,432029.07,2717.78,0
"305",356,357,2018,"Harrisburg","conventional",1.1330612244898,15756708.95,3315821.68,7595004.3,14129.99,4831752.98,4443391.53,307610.62,80750.83
"306",357,358,2018,"Harrisburg","organic",1.41734693877551,868393.89,22843.17,18707.85,266.89,826575.98,821877.04,4698.94,0
"307",358,359,2018,"Hartford","conventional",1.34367346938776,17890422.99,640398.22,13819359.73,27302.11,3403362.93,3172695.8,180192,50475.13
"308",359,360,2018,"Hartford","organic",2.00571428571429,849126.41,25571.88,418894.93,89.28,404570.32,403495.72,1074.6,0
"309",360,361,2018,"Houston","conventional",0.738775510204082,79360810.45,33817109.66,9810248.42,254141.42,35479310.95,27545945.57,7821496.55,111868.83
"310",361,362,2018,"Houston","organic",1.30755102040816,1672028.16,348911.03,5698.01,0,1317419.12,1278160.75,39258.37,0
"311",362,363,2018,"Indianapolis","conventional",1.06244897959184,10506258.88,2353144.05,2351164.72,386166.61,5415783.5,4655499.87,684931.74,75351.89
"312",363,364,2018,"Indianapolis","organic",1.35734693877551,507772,16391.74,70806.18,0,419069.44,216309.57,202759.87,0
"313",364,365,2018,"Jacksonville","conventional",1.14061224489796,11116831.34,6282417.44,632491.14,28250.55,4173672.21,1713254.43,2423488.9,36928.88
"314",365,366,2018,"Jacksonville","organic",1.61591836734694,228811.05,5866.09,37990.7,227.83,184726.43,136410.63,48315.8,0
"315",366,367,2018,"Las Vegas","conventional",1.08816326530612,17224868.49,3673056.13,5457758.07,367995.81,7726058.48,3631844.63,4061046.35,33167.5
"316",367,368,2018,"Las Vegas","organic",1.64428571428571,627894.01,103278.46,107601.78,0,417013.77,415933.75,1080.02,0
"317",368,369,2018,"Los Angeles","conventional",1.07142857142857,145880801.91,54888823.69,22201298.78,4008173.01,64782506.43,59579710.86,2393011.74,2809783.83
"318",369,370,2018,"Los Angeles","organic",1.69857142857143,5081154.89,877545.06,1523986.23,1.64,2679621.96,2675430.42,4191.54,0
"319",370,371,2018,"Louisville","conventional",1.06551020408163,5927661.89,1371938.45,1240474.32,11591.84,3303657.28,2138162.47,1138983.51,26511.3
"320",371,372,2018,"Louisville","organic",1.52571428571429,233617.63,190.89,65411.47,0,168015.27,85134.06,82881.21,0
"321",372,373,2018,"Miami","conventional",1.21877551020408,39943076.43,26224397.31,3176522.47,148135.72,10394020.93,5024914.37,5247181.61,121924.95
"322",373,374,2018,"Miami","organic",1.36857142857143,477369.85,14786.07,14275.73,0,448308.05,439370.35,8937.7,0
"323",376,377,2018,"Nashville","conventional",0.97,13739705.62,6067771.66,545535.7,19880.42,7106517.84,5287097.95,1742960.51,76459.38
"324",377,378,2018,"Nashville","organic",1.53326530612245,443329.29,2587.05,110498.65,0,330243.59,170834.42,159409.17,0
"325",378,379,2018,"New Orleans","conventional",1.06551020408163,15591625.6,8949482.76,1254762.59,80876.74,5306503.51,3830246.72,1434225.72,42031.07
"326",379,380,2018,"New Orleans","organic",1.40918367346939,302204.07,23830.15,6072.01,0,272301.91,243784.58,28517.33,0
"327",380,381,2018,"New York","conventional",1.31265306122449,92296200.89,3132240.13,57476835.99,169686.69,31517438.08,29471014.64,1943997.39,102426.05
"328",381,382,2018,"New York","organic",1.82122448979592,5312553.11,867729.68,1487770.9,33017.38,2924035.15,2902738.71,21296.44,0
"329",384,385,2018,"Northern New England","conventional",1.25734693877551,26774281.67,1369800.39,21789755.48,58034.53,3556691.27,1577985.18,1950138.38,28567.71
"330",385,386,2018,"Northern New England","organic",1.53938775510204,1246685.98,144.03,75532.57,0,1171009.38,1080822.52,90186.86,0
"331",386,387,2018,"Orlando","conventional",1.16510204081633,24193312.49,15060188.38,1543822.18,95947.49,7493354.44,3907744.78,3468052.98,117556.68
"332",387,388,2018,"Orlando","organic",1.45714285714286,521406.36,11527.06,47103.71,0,462775.59,417865.64,44909.95,0
"333",388,389,2018,"Philadelphia","conventional",1.2369387755102,26649787.08,2042605.77,14521661.45,67348.48,10018171.38,8793946.65,1147771.84,76452.89
"334",389,390,2018,"Philadelphia","organic",1.58224489795918,1428119.41,187194.56,273518.48,261.68,967144.69,960383.26,6761.43,0
"335",390,391,2018,"Phoenix","conventional",0.770612244897959,63986580.76,28922265.05,13078095.98,734085.92,21252133.81,10877547.77,10116466.6,258119.44
"336",391,392,2018,"Phoenix","organic",1.47857142857143,1092061.18,166180.95,172459.05,0,753421.18,751221.47,2199.71,0
"337",392,393,2018,"Pittsburgh","conventional",1.15714285714286,7365895.83,2283507.65,1023706.47,88376.34,3970305.37,2029800.59,1939751.45,753.33
"338",393,394,2018,"Pittsburgh","organic",1.39204081632653,708412.16,57887.39,814.4,0,649710.37,649215.94,494.43,0
"339",396,397,2018,"Portland","conventional",1.16,32417247.65,3544045.72,13033449.2,879627.65,14960125.08,6314765.49,8599622.14,45737.45
"340",397,398,2018,"Portland","organic",1.78510204081633,1539022.3,84007.42,440019.78,74.74,1014920.36,156354.66,857655.65,910.05
"341",398,399,2018,"Raleigh","conventional",1.18734693877551,18176975.04,5247561.98,5391992.39,295094.16,7242326.51,6545119.01,693640.87,3566.63
"342",399,400,2018,"Raleigh","organic",2.05897959183673,789815.3,3671.7,287082.87,5867.09,493193.64,469589.4,23604.24,0
"343",400,401,2018,"Richmond","conventional",1.07714285714286,15050737.1,3726760.52,4345455.42,100338.82,6878182.34,5753881.2,1069996.7,54304.44
"344",401,402,2018,"Richmond","organic",1.37387755102041,940185.32,8037.51,172047.32,2798.99,757301.5,668678.23,88623.27,0
"345",402,403,2018,"Roanoke","conventional",1.01632653061224,9512976.74,2395245.48,1998705.27,12017.14,5107008.85,3973759.87,1102927.38,30321.6
"346",403,404,2018,"Roanoke","organic",1.55244897959184,457355.81,10471.28,87851.78,0,359032.75,264867.84,94164.91,0
"347",404,405,2018,"Sacramento","conventional",1.25081632653061,26077620.25,7572885.67,14615266.61,77447.84,3812020.13,3503171.22,93505.32,215343.59
"348",405,406,2018,"Sacramento","organic",1.74673469387755,542988.19,113483.45,207976.22,19.4,221509.12,220385.71,1123.41,0
"349",406,407,2018,"San Diego","conventional",1.1569387755102,25426910.02,7139610.17,8251821.94,962307.06,9073170.85,8234730.28,735442.45,102998.12
"350",407,408,2018,"San Diego","organic",1.86183673469388,957887.66,164633.71,536017.51,0,257236.44,256758.52,477.92,0
"351",408,409,2018,"San Francisco","conventional",1.31551020408163,47619685.91,12365561.92,28059565.39,173410.07,7021148.53,6846095.67,33251.53,141801.33
"352",409,410,2018,"San Francisco","organic",1.97489795918367,1557758.15,467406.23,533999.54,10.54,556341.84,555969.67,372.17,0
"353",410,411,2018,"Seattle","conventional",1.3965306122449,27714605.82,5172526.02,8162566.52,80106,14299407.28,6348371.5,7914441.5,36594.28
"354",411,412,2018,"Seattle","organic",1.77448979591837,3577543.11,72770.74,1209681.42,1635.04,2293455.91,188933.67,2101198.82,3323.42
"355",412,413,2018,"South Carolina","conventional",1.11081632653061,22751573.29,10924173.97,3185294.43,156902.31,8485202.58,5954693.03,2388397.89,142111.66
"356",413,414,2018,"South Carolina","organic",1.44081632653061,902801.87,5229.42,224047.27,3559.02,669966.16,595872.86,74093.3,0
"357",418,419,2018,"Spokane","conventional",1.25408163265306,4654719.86,1112453.72,1394124.43,24721.84,2123419.87,1057644.9,1060089.97,5685
"358",419,420,2018,"Spokane","organic",1.82040816326531,262163.33,12973.54,97949.11,72.59,151168.09,40305.87,110738.03,124.19
"359",420,421,2018,"St. Louis","conventional",1.23040816326531,9784593.82,4383149.21,592330.24,24457.26,4784657.11,3837719.06,730681.37,216256.68
"360",421,422,2018,"St. Louis","organic",1.66714285714286,509366.98,97436.61,113433.07,318.75,298178.55,244706.19,53472.36,0
"361",422,423,2018,"Syracuse","conventional",1.2230612244898,4190297.29,317753.47,2211195.2,4971.12,1656377.5,982134.33,672544.28,1698.89
"362",423,424,2018,"Syracuse","organic",1.2130612244898,315604.27,5744,6709.01,0,303151.26,189379.69,113771.57,0
"363",424,425,2018,"Tampa","conventional",1.20102040816327,26323137.43,16411715.65,2004611.4,69657.84,7837152.54,3788355.11,3945520.75,103276.68
"364",425,426,2018,"Tampa","organic",1.40959183673469,465445.75,7834.66,35102.89,0,422508.2,383062.09,39446.11,0
"365",426,427,2018,"Total U.S.","conventional",1.08367346938776,2007578276.8,656826180.9,580248319.79,36678347.75,733825428.36,524778186.23,197201797.06,11845445.07
"366",427,428,2018,"Total U.S.","organic",1.56163265306122,76231835.14,7104916.83,15590364.54,71548.47,52526382.82,42420165.73,10100817.6,5399.49
"367",430,431,2018,"West Tex","conventional",0.881428571428571,44027711.13,20681183.23,8182318.48,945450.71,14218758.71,7243334.62,6874118.22,101305.87
"368",431,432,2018,"West Tex","organic",1.57367346938776,1152844.61,150935.1,172371.71,2276.5,827261.3,803136.95,24124.35,0
"369",432,433,2019,"Albany","conventional",1.26038461538462,6369120.18,234043.06,5346925.22,14057.35,774093.55,446243.27,297001.65,30849.63
"370",433,434,2019,"Albany","organic",1.59384615384615,172164.11,4587.34,22285.89,0,145288.88,131991.36,13298.52,0
"371",434,435,2019,"Atlanta","conventional",1.06884615384615,37519360.86,15602278.5,1748158.67,134007.29,20034914.4,15600564.09,4115691.57,318658.74
"372",435,436,2019,"Atlanta","organic",1.52115384615385,1256601.24,8939.99,173483.33,0,1074176.92,821727.37,252450.55,0
"373",436,437,2019,"Baltimore","conventional",1.355,47800043.2,5575008.34,24287456.33,425005.62,17512572.91,11740729.86,5645951.89,125891.16
"374",437,438,2019,"Baltimore","organic",1.49596153846154,2291179.2,28621.85,243711.32,992.28,2017854.75,1913786.51,104068.24,0
"375",438,439,2019,"Boise City","conventional",1.33538461538462,5321888.2,1970350.71,350925.48,369736.49,2630875.52,1266816.3,1275468.67,88591.55
"376",439,440,2019,"Boise City","organic",1.99038461538462,209354.75,207.97,46687.94,0,162457.84,83341.08,79066.58,50.18
"377",440,441,2019,"Boston","conventional",1.39673076923077,35771760.73,547629.07,26726088.5,108124.31,8389918.85,6276888.12,2068620.62,44410.11
"378",441,442,2019,"Boston","organic",1.68038461538462,1569263.43,3059.75,108854.97,1.81,1457347.9,868100.68,589246.22,0
"379",442,443,2019,"Buffalo","conventional",1.25134615384615,9100952.06,403666.4,4060719.02,12537.64,4624029,2552629.8,2014406.79,56994.41
"380",443,444,2019,"Buffalo","organic",1.37961538461538,593723.69,22255.99,9988.52,0,561479.18,241087.37,320392.81,0
"381",446,447,2019,"Charlotte","conventional",1.23903846153846,15303613.64,5855827.73,2747513.67,290052.16,6410221.08,5218013.35,1140791.62,51417.11
"382",447,448,2019,"Charlotte","organic",1.86884615384615,710867.05,2528.15,214238.94,2503.19,491596.77,477383.58,14214.19,0
"383",448,449,2019,"Chicago","conventional",1.34615384615385,38335731.83,6492098.49,16651364.78,1938566.43,13253702.13,7346963.45,5630103.04,276633.64
"384",449,450,2019,"Chicago","organic",1.68634615384615,2808170.88,34851.73,409751.56,0,2363568.59,2196405.44,167162.15,0
"385",450,451,2019,"Cincinnati","conventional",1.06711538461538,16303856.09,3247470.88,1478427.09,599491.49,10978468.63,9310049.57,1338786.43,329632.63
"386",451,452,2019,"Cincinnati","organic",1.52519230769231,968204.59,5466.77,134739.18,0,827999.64,605769.51,222230.13,0
"387",452,453,2019,"Columbus","conventional",1.04788461538462,11826403.47,3013649.15,1427191.63,144272,7241291.69,5597707.76,1523695.58,119889.35
"388",453,454,2019,"Columbus","organic",1.43153846153846,648909.12,26483.83,55798.96,1.12,566607.47,459513.15,107094.32,0
"389",454,455,2019,"Dallas","conventional",0.855384615384615,80752236.95,32776980.07,12000658.3,1170535.87,34804063.71,24215540.91,10336609.19,251910.61
"390",455,456,2019,"Dallas","organic",1.34730769230769,1590988.23,269994.4,20433.38,26832.77,1273727.68,983582.07,290145.61,0
"391",456,457,2019,"Denver","conventional",1.16865384615385,47660576.24,8971550.25,8239999.35,635503.5,29813524.14,10168826.38,19390017.73,254678.03
"392",457,458,2019,"Denver","organic",1.72980769230769,1510158.63,288300.47,72011.36,328.52,1149519.28,1055975.14,93543.14,0
"393",458,459,2019,"Detroit","conventional",1.14538461538462,25780896.15,5530303.02,2788837.84,3506386.46,13955369.83,11889346.56,1446419.9,619602.37
"394",459,460,2019,"Detroit","organic",1.42365384615385,1122036.03,23500.44,120940.39,5.54,977086.27,807346.55,169738.72,0
"395",460,461,2019,"Grand Rapids","conventional",1.4375,9772209.5,269532.04,3581381.42,3306114.33,2615182.71,1674658.7,192162.46,748361.55
"396",461,462,2019,"Grand Rapids","organic",1.42653846153846,465877.82,2785.56,88498.59,0,374594.67,372099.12,2495.55,0
"397",464,465,2019,"Harrisburg","conventional",1.12596153846154,17616039.57,3004645.59,9046631.27,33319.82,5531442.89,4525139,893974.25,112330.64
"398",465,466,2019,"Harrisburg","organic",1.34403846153846,834553.58,22155.26,20006.01,0,792391.31,746269.26,46124.05,0
"399",466,467,2019,"Hartford","conventional",1.42038461538462,18103085.18,375378.44,14170991.88,106034.62,3450680.24,2801960.88,607164.75,41554.61
"400",467,468,2019,"Hartford","organic",1.97576923076923,756814.7,30755.56,346344.12,85.33,379629.69,377806.37,1825.32,0
"401",468,469,2019,"Houston","conventional",0.839230769230769,74853682.14,29561144.23,10022236.33,1208484.96,34061816.62,11722098.08,22026710.99,313008.55
"402",469,470,2019,"Houston","organic",1.62076923076923,1309968.24,376396.22,3093.49,0,930479.53,924306.4,6172.13,0
"403",470,471,2019,"Indianapolis","conventional",1.06096153846154,12310842.47,2440857.12,2803036.91,266476.81,6800471.63,5595581.17,1045596.84,159294.62
"404",471,472,2019,"Indianapolis","organic",1.40596153846154,543881.64,14397.54,46677.67,21.79,482784.64,372110.93,110674.71,0
"405",472,473,2019,"Jacksonville","conventional",1.13730769230769,12212127.04,4857999.43,440977.63,43098.99,6870049.99,2214552.58,4597045.89,58448.52
"406",473,474,2019,"Jacksonville","organic",1.36442307692308,162009.88,4344.28,8243.99,41.24,149380.37,148971.71,408.66,0
"407",474,475,2019,"Las Vegas","conventional",1.095,18734608.98,3647626.24,4211963.7,228549.95,10646467.09,4791344.27,5835653.31,19469.51
"408",475,476,2019,"Las Vegas","organic",1.77788461538462,620741.86,73672.54,68492.65,0,478575.67,444466.61,34110.06,0
"409",476,477,2019,"Los Angeles","conventional",1.18115384615385,157878421.71,46757451.07,17389041.12,5836775.43,87895154.09,68228343.22,11603542.31,8063267.56
"410",477,478,2019,"Los Angeles","organic",1.78288461538462,5284191.89,829658.81,1087663.8,579.84,3366290.44,3162799.18,202402.8,1086.46
"411",478,479,2019,"Louisville","conventional",1.15326923076923,6254256.39,1359602.88,790159.84,11375.85,4093117.82,2771386.96,1273302.01,48428.85
"412",479,480,2019,"Louisville","organic",1.52288461538462,291035.59,431.63,41005.68,0,249595.28,185266.16,64329.12,0
"413",480,481,2019,"Miami","conventional",1.14461538461538,50451235.18,20751867.82,1949013.62,274578.8,27475775.94,8325867.2,18905544.4,244365.34
"414",481,482,2019,"Miami","organic",1.35096153846154,388007.18,37231.33,548.16,0,350228.69,350122.02,106.67,0
"415",484,485,2019,"Nashville","conventional",1.04192307692308,14082167.8,5604004.64,481488.91,24243.75,7972432.5,6083526.07,1823199.04,65706.39
"416",485,486,2019,"Nashville","organic",1.50192307692308,562219.12,4366.47,64772.68,0,493077.97,367967.85,125112.12,0
"417",486,487,2019,"New Orleans","conventional",0.991730769230769,17385827.77,8850334.11,937589.86,76891.5,7521013.3,4806844.73,2466022.92,248145.65
"418",487,488,2019,"New Orleans","organic",1.24365384615385,240236.92,26350.6,174.59,0,213712.73,212679.47,1033.26,0
"419",488,489,2019,"New York","conventional",1.42807692307692,93089787.3,2407373.54,59386225.12,1195875.88,30098361.43,22452739.49,7533979.02,111641.92
"420",489,490,2019,"New York","organic",1.82846153846154,4907750.81,1118389.83,963465.99,4425.26,2821468.73,2673849.07,147620.66,0
"421",492,493,2019,"Northern New England","conventional",1.27730769230769,28765378.17,619887.3,24676682.34,16729.49,3452077.04,1483194.28,1910673.42,58211.34
"422",493,494,2019,"Northern New England","organic",1.61423076923077,1473896.88,6058.45,175468.18,0,1292372.25,894554.97,397815.28,0
"423",494,495,2019,"Orlando","conventional",1.09711538461538,27586301.7,11775914.46,870495.77,219972.99,14719917.48,6225962.33,8291861.7,202094.45
"424",495,496,2019,"Orlando","organic",1.27634615384615,319327.09,7522.36,71.88,0,311733.85,311580.5,153.35,0
"425",496,497,2019,"Philadelphia","conventional",1.27538461538462,28399719.96,1619160.74,16081262.44,221937.02,10477361.76,8034189.98,2333723.71,109448.07
"426",497,498,2019,"Philadelphia","organic",1.54865384615385,1540180.7,192009.29,232100.15,0,1116069.26,1024901.84,91168.42,0
"427",498,499,2019,"Phoenix","conventional",0.901538461538462,66823422.77,23740217.12,13471661.59,583008.98,29028534.08,12386385.04,16573294.37,68854.67
"428",499,500,2019,"Phoenix","organic",1.76403846153846,948454.57,135433.32,134365.9,0,678655.35,625912.29,52742.06,0
"429",500,501,2019,"Pittsburgh","conventional",1.20153846153846,7185991.89,1926416.73,899669,64179.57,4295727.59,1851551.6,2414242.64,29932.35
"430",501,502,2019,"Pittsburgh","organic",1.505,544822.91,79034.72,1308.92,0,464478.27,464367.03,111.24,0
"431",504,505,2019,"Portland","conventional",1.295,33472088.42,3649565.96,10181617.37,974099.77,18666805.32,9157478.99,9079333.57,429991.76
"432",505,506,2019,"Portland","organic",1.99903846153846,1713332.11,29218.14,446651.32,24.67,1237436.98,317314.16,919475.07,646.75
"433",506,507,2019,"Raleigh","conventional",1.17788461538462,20084664.71,8272857.21,3213802.27,342261.45,8255742.78,6264511.24,1985164.75,6064.79
"434",507,508,2019,"Raleigh","organic",2.10692307692308,800028.2,4018.46,229200.48,2377.16,564432.1,553786.28,10646.82,0
"435",508,509,2019,"Richmond","conventional",1.10826923076923,16079579.16,4722710.89,3536099.36,96902.37,7723868.54,6066300.48,1555444.57,102122.49
"436",509,510,2019,"Richmond","organic",1.31403846153846,986336.96,2258.13,111575.61,827.26,871674.96,791166.12,80508.84,0
"437",510,511,2019,"Roanoke","conventional",1.09153846153846,10093969.34,2943003.36,1598618.7,6773.52,5545573.76,3944634.86,1531656.25,69281.65
"438",511,512,2019,"Roanoke","organic",1.45134615384615,573869.34,3638.24,67289.76,0,502943.34,419130.13,83813.21,0
"439",512,513,2019,"Sacramento","conventional",1.40596153846154,25317390.92,6719389.74,12940378.52,162012.99,5495606.67,4102818.68,1120446.85,272342.14
"440",513,514,2019,"Sacramento","organic",1.78038461538462,706946.84,160640.55,179617.69,28.48,366663.12,365010.12,1653,0
"441",514,515,2019,"San Diego","conventional",1.24442307692308,28666654.57,5364389.4,7100899.34,881532.87,15319831.96,11007093.73,4157478.87,155258.36
"442",515,516,2019,"San Diego","organic",1.92076923076923,1091353.89,160966.28,407508.94,11.68,522867.99,442273.4,80595.59,0
"443",516,517,2019,"San Francisco","conventional",1.46923076923077,47102899.65,12037899.84,23460982.79,467264.74,11136751.28,6809288.68,3940508.62,386953.98
"444",517,518,2019,"San Francisco","organic",2.05038461538462,2216425.28,581491.8,420172.31,16.33,1214745.84,1210693.95,3904.35,147.54
"445",518,519,2019,"Seattle","conventional",1.51846153846154,29271012.27,4682213.9,7160724.46,63875.09,17364201.82,7447512.44,9839428.58,77259.8
"446",519,520,2019,"Seattle","organic",1.96057692307692,3540468.13,41577.35,930674.41,1175.1,2567041.27,316632.24,2249120.95,1288.08
"447",520,521,2019,"South Carolina","conventional",1.16230769230769,23971322.96,10739987.08,2344294.32,130236.54,10756806.02,7483576.38,3036186.69,237043.95
"448",521,522,2019,"South Carolina","organic",1.64923076923077,973128.75,6997.23,184082.59,1391.94,780656.99,684541.3,96114.69,0
"449",526,527,2019,"Spokane","conventional",1.3525,5019648.55,1104163.15,1062840.84,4285.64,2848357.92,1355994.37,1456164.3,36199.25
"450",527,528,2019,"Spokane","organic",1.97134615384615,256665.58,5813.62,77629.35,21.37,173202.24,66780.36,106237.9,184.98
"451",528,529,2019,"St. Louis","conventional",1.20596153846154,10387816.93,4724857.63,551489.59,31700.59,5079769.12,4012198.29,869787.91,197781.92
"452",529,530,2019,"St. Louis","organic",1.86326923076923,534233.39,102079.11,113248.96,255.67,318650.65,252290.48,66357.17,0
"453",530,531,2019,"Syracuse","conventional",1.26942307692308,4323236.46,178821.34,2524977.54,4857.18,1614215.96,911438.1,667074.82,35702.04
"454",531,532,2019,"Syracuse","organic",1.42096153846154,248870.63,7341.43,9283.47,0,232243.73,130020.38,102224.35,0
"455",532,533,2019,"Tampa","conventional",1.07038461538462,30805066.97,12187844.96,1022817.28,167548.29,17426856.44,6506184.6,10693731.23,226939.61
"456",533,534,2019,"Tampa","organic",1.21673076923077,309626.03,10381.49,52.11,0,299192.43,299129.1,63.33,0
"457",534,535,2019,"Total U.S.","conventional",1.14365384615385,2124402329.49,615756298.42,530238780.88,45386245.5,933018685.92,573457414.41,334173974.13,25387296.38
"458",535,536,2019,"Total U.S.","organic",1.62019230769231,76175119.09,6759083.96,11218817.51,247357.87,57945362.57,47644601.56,10296934.08,3828.93
"459",538,539,2019,"West Tex","conventional",0.985384615384615,46064421.47,20670132.93,4794460.17,3717238.6,16882590.77,11247682,5497559.71,137349.06
"460",539,540,2019,"West Tex","organic",1.68596153846154,997430.17,77383,60789.26,99883.4,759375.51,711749.58,47615.07,9.86
"461",540,541,2020,"Albany","conventional",1.1575,7316847.78,454879.98,5545728.14,9213.5,1307024.16,764867.07,478430.6,63728.49
"462",541,542,2020,"Albany","organic",1.53625,158696.95,4400.3,20966,31.46,133297.19,68811.96,64485.23,0
"463",542,543,2020,"Atlanta","conventional",0.904583333333333,43311507.41,18421038.29,1450566.34,19030.56,23420873.22,20552763.47,2816768.81,51339.94
"464",543,544,2020,"Atlanta","organic",1.51104166666667,1768600.94,8399.41,158022.56,0,1602178.97,476934.21,1121949.93,3295.83
"465",544,545,2020,"Baltimore","conventional",1.22354166666667,54087733.15,7204940.95,20828822.51,235912.16,25818060.53,14631308.9,10644286.5,542464.13
"466",545,546,2020,"Baltimore","organic",1.52520833333333,2900275.5,22509.68,224325.93,708.41,2652732.48,2424938.84,227791.64,0
"467",546,547,2020,"Boise City","conventional",1.13479166666667,6491849.69,1821781.05,388937.95,74422.85,4206707.84,2290816.5,1524138.41,391753.93
"468",547,548,2020,"Boise City","organic",1.69916666666667,299117.18,228.27,34572.86,53.49,264261.56,99586.94,164486.05,189.57
"469",548,549,2020,"Boston","conventional",1.34479166666667,40263346.1,966228.38,23917694.16,30753.24,15348669.32,10379645.79,4767043.67,201978.86
"470",549,550,2020,"Boston","organic",1.86270833333333,1795131.35,6228.61,96045.65,4,1692853.09,1547938.6,144914.49,0
"471",550,551,2020,"Buffalo","conventional",1.06395833333333,10763237.31,1191552.35,2944482.73,112617.93,6514583.3,4903043.25,1488339.69,123200.36
"472",551,552,2020,"Buffalo","organic",1.404375,570025.09,36102.22,8956.3,43.78,524924.79,423820.03,101103.76,0
"473",554,555,2020,"Charlotte","conventional",1.10958333333333,18309929.64,7644467.42,2885343.35,222197.95,7557921.92,5612919.85,1887939.36,57061.71
"474",555,556,2020,"Charlotte","organic",1.56895833333333,878580.21,5741.24,193834.42,2255.18,676749.37,436619.15,237269.97,2861.25
"475",556,557,2020,"Chicago","conventional",1.24395833333333,47971610.66,6350678.19,9730928.56,2187373.05,29702629.86,14889725.04,11561497.67,3251408.15
"476",557,558,2020,"Chicago","organic",1.61395833333333,3656884.53,48044.84,366490.7,0,3242211.62,1382848.57,1859364.05,0
"477",558,559,2020,"Cincinnati","conventional",0.950416666666667,18102187.41,4461108.39,995283.99,552342.08,12093452.95,11030711.48,791213.39,271528.08
"478",559,560,2020,"Cincinnati","organic",1.44520833333333,1083522.83,8374.65,133412.81,0,941734.37,258617.31,683119.06,0
"479",560,561,2020,"Columbus","conventional",0.893333333333333,13729691.24,3834945.25,928197.92,106833.55,8859714.52,8090487.13,701003.57,68224.82
"480",561,562,2020,"Columbus","organic",1.28833333333333,775245.65,35701.09,55908.78,0,683631.78,338434.12,345198.66,0
"481",562,563,2020,"Dallas","conventional",0.751458333333333,87812596.16,33162865.73,9924819.96,840209.15,43884701.32,27461730.29,16391289.96,31682.07
"482",563,564,2020,"Dallas","organic",1.21979166666667,2343435.27,210209.3,7127.42,15919.46,2110178.09,1437869.11,672307.98,0
"483",564,565,2020,"Denver","conventional",1.03145833333333,52606787.22,10019376.56,6701437.15,329260.02,35556713.49,15115200.54,19553331.5,888182.45
"484",565,566,2020,"Denver","organic",1.305625,2824548.28,525920.94,88382.9,417.83,2209826.61,1614051.74,595774.87,0
"485",566,567,2020,"Detroit","conventional",0.961458333333333,29166439.44,7008443.38,2043877.92,2893922.45,17220196.69,15864113.9,918347.73,437734.06
"486",567,568,2020,"Detroit","organic",1.36875,1346102.75,22618.9,122561.6,8.43,1200692.73,467721.32,732968.41,0
"487",568,569,2020,"Grand Rapids","conventional",1.278125,10669810.34,1329392.78,3050308.62,2835289.76,3454820.18,2498524.5,345927.38,610366.3
"488",569,570,2020,"Grand Rapids","organic",1.39083333333333,446594.33,2328.75,67743.35,0,376524.23,367809.03,8717.2,0
"489",572,573,2020,"Harrisburg","conventional",1.05,20171279.72,6740313.72,6855215.46,17058.37,6558689.17,5226805.93,1082479,249405.24
"490",573,574,2020,"Harrisburg","organic",1.3525,822375.24,22354.48,23820.8,16,776186.96,756675.21,19508.75,0
"491",574,575,2020,"Hartford","conventional",1.36625,20031090.8,545994.82,15279091.08,95835.86,4110169.04,3363841.48,658086.16,88241.4
"492",575,576,2020,"Hartford","organic",2.0175,791628.9,29324.29,341779.82,98.37,420427.42,414875.1,5552.32,0
"493",576,577,2020,"Houston","conventional",0.771458333333333,78919575.56,29158103.59,12187663.2,198644.33,37375164.44,18815922.26,17637502.96,921738.22
"494",577,578,2020,"Houston","organic",1.33229166666667,1542431.63,242237.71,938.79,13.27,1299241.86,770707.58,528535.28,0
"495",578,579,2020,"Indianapolis","conventional",0.901875,14625197.03,4351545.54,1654775.97,219034.78,8399837.74,7857338.95,442212.14,100287.65
"496",579,580,2020,"Indianapolis","organic",1.346875,557216.17,13839.15,46246.63,26.83,497102.56,222759.83,274341.73,0
"497",580,581,2020,"Jacksonville","conventional",1.03875,12191601.8,5172019.64,700412.59,12833.89,6306333.68,3913624.78,2311108.07,81600.83
"498",581,582,2020,"Jacksonville","organic",1.220625,214482.63,3754.98,12035.41,1.08,198691.16,182930.85,7723.89,8035.42
"499",582,583,2020,"Las Vegas","conventional",0.947291666666667,20997802.29,3370321.84,2377976.38,7467.79,15160228.96,5246484.11,9806377.13,107368.72
"500",583,584,2020,"Las Vegas","organic",1.44520833333333,761561.9,40032.01,24058.64,4.11,697466.14,421850.97,275615.17,0
"501",584,585,2020,"Los Angeles","conventional",1.11979166666667,167226817,51157315.97,3945424.91,7197326.71,104926749.41,61022454.75,33006005.5,10898290.16
"502",585,586,2020,"Los Angeles","organic",1.67,8154930.58,479405.99,169104.93,566.81,7505853.85,3798433.67,3707417.18,0
"503",586,587,2020,"Louisville","conventional",0.91625,7107753.33,1940958.68,582015.6,4476.13,4580304.92,3678125.08,861594.61,40583.23
"504",587,588,2020,"Louisville","organic",1.3025,452904.91,144.09,42945.68,0,409813.14,134708.68,267964.46,7140
"505",588,589,2020,"Miami","conventional",1.03979166666667,51890878.83,24951051.5,1998367.64,41296.82,24899918.86,17414304.12,7334625.36,150988.38
"506",589,590,2020,"Miami","organic",1.31895833333333,662477.81,19483.63,899.61,0,642093.57,624932.29,14091.94,3068.34
"507",592,593,2020,"Nashville","conventional",0.868958333333333,15678599.15,6158862.21,530634.57,4158.74,8984944.63,7466352.79,1425588.32,93005.52
"508",593,594,2020,"Nashville","organic",1.42208333333333,847992.44,2449.55,68317.8,0,777223.09,185512.53,571429.05,20282.51
"509",594,595,2020,"New Orleans","conventional",0.860625,19205634.75,8311248.86,1085196.74,23047.87,9786143.28,7463260.89,1764720.62,558162.77
"510",595,596,2020,"New Orleans","organic",1.28895833333333,309866.5,12844.84,20.11,0,297002.55,198507.99,96219.56,2275
"511",596,597,2020,"New York","conventional",1.28166666666667,110482963.09,3418783.19,65235019.53,337727.45,41482568.78,29610947.57,11528493.66,343126.55
"512",597,598,2020,"New York","organic",1.771875,5151116.63,726777.85,795526.18,25867.36,3602946.24,3424097.47,178504.48,343.29
"513",600,601,2020,"Northern New England","conventional",1.14,32383214.56,1194329.53,23499099.25,11441.49,7678344.29,3655194.64,3857770.8,165379.85
"514",601,602,2020,"Northern New England","organic",1.66166666666667,1397360.08,4142.96,38601.59,0,1354614.53,758861.71,595754.82,0
"515",602,603,2020,"Orlando","conventional",0.978333333333333,30039905.73,12548505.94,872501.45,26809.39,16592079.11,11174031.3,5265447.04,152601.77
"516",603,604,2020,"Orlando","organic",1.20041666666667,495298.34,6340.05,60.7,0,488897.59,464754.87,12694.8,11447.92
"517",604,605,2020,"Philadelphia","conventional",1.115,33559665.21,5230442.72,13425022.22,54436.38,14849763.89,9789622.14,4806687.21,253454.54
"518",605,606,2020,"Philadelphia","organic",1.61270833333333,1583639.81,123563.53,190784.53,58.28,1269229.47,1112584.43,156485.42,160.62
"519",606,607,2020,"Phoenix","conventional",0.7925,70732157.84,20881764.64,10865773.58,203723.29,38778791.56,12778800.08,25892091.31,107901.17
"520",607,608,2020,"Phoenix","organic",1.39770833333333,1310229.5,112838.44,61532.45,19.11,1135838.5,716247.29,419591.21,0
"521",608,609,2020,"Pittsburgh","conventional",1.10520833333333,7648687.51,2448736.49,667705.34,7072.28,4525173.4,3530965.35,941167.65,53039.4
"522",609,610,2020,"Pittsburgh","organic",1.31520833333333,737053.92,121696.67,419.89,0,614936.36,610517.83,4418.53,0
"523",612,613,2020,"Portland","conventional",1.100625,39891925.07,5518067.88,4602904.22,193455.61,29576509.69,16380961.91,12050884.21,1144664.57
"524",613,614,2020,"Portland","organic",1.71583333333333,2355737.54,15691.85,342407.57,51.17,1997588.95,584225.36,1411293.75,2068.84
"525",614,615,2020,"Raleigh","conventional",1.04458333333333,23561275.1,10032830.55,3662647.73,218711.21,9647086.61,6880798.46,2755813.16,10474.99
"526",615,616,2020,"Raleigh","organic",1.59583333333333,1152709.46,39468.73,188442.99,4592.62,920206.12,767032.03,153175.09,0
"527",616,617,2020,"Richmond","conventional",0.937291666666667,18946319.78,5795289.04,3826006.96,55432.89,9269589.89,6917597.09,2177646.04,174346.76
"528",617,618,2020,"Richmond","organic",1.3825,1010789.72,1529.7,93197.84,454.92,915607.26,543886.29,371719.97,0
"529",618,619,2020,"Roanoke","conventional",0.900416666666667,11249503.97,3863214.76,1286731.1,2449.57,6097108.54,4491618.63,1525173.06,80316.85
"530",619,620,2020,"Roanoke","organic",1.30895833333333,738371.81,1530.62,70679.8,0,666161.39,295342.45,365371.51,5445.43
"531",620,621,2020,"Sacramento","conventional",1.26145833333333,27332412.06,7958133.99,10126657.7,157631.09,9089987.28,5128275.19,3507750.96,453962.13
"532",621,622,2020,"Sacramento","organic",1.74791666666667,997960.37,178768.39,195565.58,117.8,623510.6,615673.12,7836.48,0
"533",622,623,2020,"San Diego","conventional",1.11416666666667,32802360.11,6142893.06,1628100.77,757173.47,24274192.81,12604695.51,10232678.18,1436821.12
"534",623,624,2020,"San Diego","organic",1.83416666666667,1701214.29,57584.19,70988.45,209.19,1572429.46,647464.66,924967.8,0
"535",624,625,2020,"San Francisco","conventional",1.37208333333333,49594015.4,12050250.01,12630481.57,310302.64,24602980.18,9026345.83,13877503.63,1699129.72
"536",625,626,2020,"San Francisco","organic",1.96583333333333,3279171.45,367362.97,422088.49,535.4,2489184.59,2446841.64,42341.95,0
"537",626,627,2020,"Seattle","conventional",1.36270833333333,33656680.98,4197639.9,4601867.79,42520.4,24814652.89,12209012.39,12490178.09,115462.41
"538",627,628,2020,"Seattle","organic",1.88583333333333,3369181.92,32221.43,564154.47,607.52,2772196.5,633852.01,2135418.94,2927.55
"539",628,629,2020,"South Carolina","conventional",1.0125,28452691.96,12514965.78,2452469.87,100416.06,13384841.25,10259228.85,2926763.65,198849.75
"540",629,630,2020,"South Carolina","organic",1.51291666666667,1192233.89,25979.77,158261.02,2762.6,1005226.5,548661.48,445516.68,11048.34
"541",634,635,2020,"Spokane","conventional",1.18979166666667,5905273.58,1042925.48,619636.6,2491.98,4240216.52,2436781.22,1785884.35,17549.95
"542",635,636,2020,"Spokane","organic",1.77041666666667,343147.87,2964.52,38724.88,0,301459.47,108263.36,192783.3,411.81
"543",636,637,2020,"St. Louis","conventional",1.01520833333333,11993586.88,5481253.41,630660.36,13440.61,5868233.5,5175813.8,192083.63,500335.07
"544",637,638,2020,"St. Louis","organic",1.92708333333333,419278.18,93305.23,76735.14,251.95,248983.86,157797.04,91186.82,0
"545",638,639,2020,"Syracuse","conventional",1.11604166666667,4954881.1,471875.88,2172622.02,35665.2,2274717,1624279.74,578239.65,72199.61
"546",639,640,2020,"Syracuse","organic",1.48083333333333,200139.16,12011.11,6535.9,20.27,181571.88,134610.62,46961.26,0
"547",640,641,2020,"Tampa","conventional",0.967708333333333,30868571.25,12829139.99,1026052.05,24168.16,16989193.2,11083002.2,5752765.82,153423.18
"548",641,642,2020,"Tampa","organic",1.20833333333333,493735.88,8946.36,35.45,0,484751.07,473105.52,11645.55,0
"549",642,643,2020,"Total U.S.","conventional",1.01875,2372677125.02,681665751.1,435489099.44,36082427.72,1219343958.06,761946823.66,417091739.98,40305393.42
"550",643,644,2020,"Total U.S.","organic",1.53041666666667,95598980.94,5799565.13,7950621.67,240688.37,81607028.22,52693393.42,28739391.47,174242.33
"551",646,647,2020,"West Tex","conventional",0.814166666666667,54262115.94,19013314.38,4625688.87,1901538.35,28721574.34,17617268.24,10892907.09,211399.01
"552",647,648,2020,"West Tex","organic",1.50270833333333,1386023.98,46229.92,45768.72,113942.02,1180083.32,992456.65,187627.67,0
